group	fill	clickSelects
2	#FFFFFF	351
3	#FCE5EC	348
4	#FFFFFF	44
5	#FFFFFF	44
6	#FFFFFF	44
7	#FFFFFF	44
8	#FFFFFF	44
9	#FFFFFF	44
10	#FFFFFF	608
11	#FFFFFF	608
12	#FFFFFF	608
13	#FFFFFF	608
14	#FCE5EC	348
15	#FFFFFF	608
16	#FFFFFF	608
17	#FFFFFF	102
18	#FFFFFF	102
19	#FFFFFF	102
20	#FFFFFF	102
21	#FFFFFF	102
22	#FFFFFF	102
23	#FFFFFF	102
24	#FFFFFF	102
25	#FEF4F7	404
26	#FFFFFF	102
27	#FFFFFF	102
28	#FFFFFF	102
29	#FFFFFF	102
30	#FFFFFF	102
31	#FFFFFF	102
32	#FFFFFF	102
33	#FFFFFF	102
34	#FFFFFF	102
35	#FFFFFF	102
36	#FEF4F7	404
37	#FFFFFF	102
38	#FFFFFF	102
39	#FFFFFF	102
40	#FFFFFF	102
41	#FFFFFF	102
42	#FFFFFF	102
43	#FFFFFF	102
44	#FFFFFF	102
45	#FFFFFF	360
46	#FEF4F7	404
47	#FEF4F7	404
48	#FEF4F7	404
49	#FFFFFF	44
50	#FFFFFF	44
52	#FFFFFF	351
53	#FFFFFF	351
54	#FFFFFF	44
55	#FFFFFF	44
56	#FFFFFF	44
57	#FFFFFF	44
58	#FFFFFF	44
59	#FFFFFF	44
60	#FFFFFF	608
61	#FFFFFF	608
62	#FFFFFF	608
63	#FFFFFF	608
64	#FCE5EC	348
65	#FFFFFF	608
66	#FFFFFF	608
67	#FFFFFF	608
68	#FFFFFF	608
69	#FFFFFF	102
70	#FFFFFF	102
71	#FFFFFF	102
72	#FFFFFF	102
73	#FFFFFF	102
74	#FFFFFF	102
75	#FEF4F7	404
76	#FFFFFF	102
77	#FFFFFF	102
78	#FFFFFF	102
79	#FFFFFF	102
80	#FFFFFF	102
81	#FFFFFF	102
82	#FFFFFF	102
83	#FFFFFF	102
84	#FFFFFF	102
85	#FFFFFF	102
86	#FEF4F7	404
87	#FFFFFF	102
88	#FFFFFF	102
89	#FFFFFF	102
90	#FFFFFF	102
91	#FFFFFF	102
92	#FFFFFF	102
93	#FFFFFF	102
94	#FFFFFF	102
95	#FFFFFF	102
96	#FFFFFF	360
97	#FEF4F7	404
98	#FFFFFF	44
99	#FFFFFF	44
100	#FFFFFF	44
101	#FFFFFF	44
103	#FFFFFF	351
104	#FCE5EC	348
105	#FFFFFF	44
106	#FFFFFF	44
107	#FFFFFF	44
108	#FFFFFF	44
109	#FFFFFF	44
110	#FFFFFF	44
111	#FFFFFF	608
112	#FFFFFF	608
113	#FFFFFF	608
114	#FFFFFF	608
115	#FEF4F7	404
116	#FFFFFF	608
117	#FFFFFF	102
118	#FFFFFF	608
119	#FFFFFF	608
120	#FFFFFF	102
121	#FFFFFF	102
122	#FFFFFF	102
123	#FFFFFF	102
124	#FFFFFF	102
125	#FFFFFF	102
126	#FEF4F7	404
127	#FFFFFF	102
128	#FFFFFF	102
129	#FFFFFF	102
130	#FFFFFF	102
131	#FFFFFF	102
132	#FFFFFF	102
133	#FFFFFF	102
134	#FFFFFF	102
135	#FFFFFF	102
136	#FFFFFF	102
137	#FEF4F7	404
138	#FFFFFF	102
139	#FFFFFF	102
140	#FFFFFF	102
141	#FFFFFF	102
142	#FFFFFF	102
143	#FFFFFF	102
144	#FFFFFF	102
145	#FFFFFF	102
146	#FFFFFF	360
147	#FEF4F7	404
148	#FFFFFF	44
149	#FFFFFF	44
150	#FFFFFF	44
151	#FFFFFF	44
153	#FFFFFF	351
154	#FFFFFF	351
155	#FFFFFF	44
156	#FFFFFF	44
157	#FFFFFF	44
158	#FFFFFF	44
159	#FFFFFF	44
160	#FFFFFF	217
161	#FFFFFF	217
162	#FFFFFF	217
163	#FFFFFF	217
164	#FFFFFF	102
165	#FCE5EC	348
166	#FFFFFF	217
167	#FFFFFF	102
168	#FFFFFF	102
169	#FFFFFF	102
170	#FFFFFF	102
171	#FFFFFF	102
172	#FFFFFF	102
173	#FFFFFF	102
174	#FFFFFF	102
175	#FFFFFF	102
176	#FCE5EC	348
177	#FFFFFF	102
178	#FFFFFF	102
179	#FFFFFF	102
180	#FFFFFF	102
181	#FFFFFF	102
182	#FFFFFF	102
183	#FFFFFF	102
184	#FFFFFF	102
185	#FFFFFF	102
186	#FFFFFF	102
187	#FEF4F7	404
188	#FFFFFF	102
189	#FFFFFF	360
190	#FFFFFF	360
191	#FFFFFF	360
192	#FFFFFF	360
193	#FFFFFF	360
194	#FFFFFF	360
195	#FFFFFF	181
196	#FFFFFF	181
197	#FFFFFF	181
198	#FEF4F7	404
199	#FEF4F7	404
200	#FEF4F7	404
201	#FFFFFF	563
202	#FFFFFF	44
204	#FFFFFF	351
205	#FCE5EC	348
206	#FFFFFF	44
207	#FFFFFF	44
208	#FFFFFF	44
209	#FFFFFF	44
210	#FFFFFF	217
211	#FFFFFF	217
212	#FFFFFF	217
213	#FFFFFF	217
214	#FFFFFF	102
215	#FFFFFF	102
216	#FCE5EC	348
217	#FFFFFF	102
218	#FFFFFF	102
219	#FFFFFF	102
220	#FFFFFF	102
221	#FFFFFF	102
222	#FFFFFF	102
223	#FFFFFF	102
224	#FFFFFF	102
225	#FFFFFF	102
226	#FFFFFF	102
227	#FCE5EC	348
228	#FFFFFF	102
229	#FFFFFF	102
230	#FFFFFF	102
231	#FFFFFF	102
232	#FFFFFF	102
233	#FFFFFF	102
234	#FFFFFF	102
235	#FFFFFF	102
236	#FFFFFF	102
237	#FFFFFF	102
238	#FEF4F7	404
239	#FFFFFF	360
240	#FFFFFF	360
241	#FFFFFF	360
242	#FFFFFF	360
243	#FFFFFF	360
244	#FFFFFF	360
245	#FFFFFF	181
246	#FFFFFF	181
247	#FFFFFF	181
248	#FEF4F7	404
249	#FEF4F7	404
250	#FEF4F7	404
251	#FFFFFF	563
252	#FFFFFF	44
254	#FFFFFF	351
255	#FCE5EC	348
256	#FFFFFF	44
257	#FFFFFF	44
258	#FFFFFF	44
259	#FFFFFF	217
260	#FFFFFF	217
261	#FFFFFF	217
262	#FFFFFF	217
263	#FFFFFF	217
264	#FFFFFF	217
265	#FFFFFF	102
266	#FCE5EC	348
267	#FFFFFF	102
268	#FFFFFF	102
269	#FFFFFF	102
270	#FFFFFF	102
271	#FFFFFF	102
272	#FFFFFF	102
273	#FFFFFF	102
274	#FFFFFF	102
275	#FFFFFF	102
276	#FFFFFF	102
277	#FCE5EC	348
278	#FFFFFF	102
279	#FFFFFF	102
280	#FFFFFF	102
281	#FFFFFF	102
282	#FFFFFF	102
283	#FFFFFF	102
284	#FFFFFF	102
285	#FFFFFF	102
286	#FFFFFF	102
287	#FFFFFF	102
288	#FCE5EC	348
289	#FFFFFF	360
290	#FFFFFF	360
291	#FFFFFF	360
292	#FFFFFF	181
293	#FFFFFF	360
294	#FFFFFF	360
295	#FFFFFF	360
296	#FFFFFF	181
297	#FFFFFF	181
299	#FEF4F7	404
300	#FEF4F7	404
301	#FEF4F7	404
302	#FFFFFF	563
303	#FFFFFF	563
305	#FFFFFF	351
306	#FCE5EC	348
307	#FFFFFF	44
308	#FFFFFF	44
309	#FFFFFF	44
310	#FFFFFF	217
311	#FFFFFF	217
312	#FFFFFF	217
313	#FFFFFF	217
314	#FFFFFF	217
315	#FFFFFF	217
316	#FFFFFF	217
317	#FCE5EC	348
318	#FFFFFF	102
319	#FFFFFF	102
320	#FFFFFF	102
321	#FFFFFF	102
322	#FFFFFF	102
323	#FFFFFF	217
324	#FFFFFF	102
325	#FFFFFF	102
326	#FFFFFF	102
327	#FFFFFF	102
328	#FCE5EC	348
329	#FFFFFF	102
330	#FFFFFF	102
331	#FFFFFF	102
332	#FFFFFF	102
333	#FFFFFF	102
334	#FFFFFF	102
335	#FFFFFF	102
336	#FFFFFF	102
337	#FFFFFF	102
338	#FFFFFF	360
339	#FCE5EC	348
340	#FFFFFF	360
341	#FFFFFF	360
342	#FFFFFF	181
343	#FFFFFF	181
344	#FFFFFF	360
345	#FFFFFF	181
346	#FFFFFF	181
347	#FFFFFF	181
349	#FEF4F7	404
350	#FEF4F7	404
351	#FEF4F7	404
352	#FFFFFF	563
353	#FFFFFF	563
355	#FFFFFF	351
356	#FFFFFF	351
357	#FFFFFF	563
358	#FFFFFF	44
359	#FFFFFF	44
360	#FFFFFF	44
361	#FFFFFF	217
362	#FFFFFF	217
363	#FFFFFF	217
364	#FFFFFF	217
365	#FFFFFF	217
366	#FFFFFF	217
367	#FCE5EC	348
368	#FFFFFF	102
369	#FFFFFF	102
370	#FFFFFF	102
371	#FFFFFF	102
372	#FFFFFF	102
373	#FFFFFF	217
374	#FFFFFF	217
375	#FFFFFF	102
376	#FFFFFF	102
377	#FFFFFF	102
378	#FCE5EC	348
379	#FFFFFF	102
380	#FFFFFF	102
381	#FFFFFF	102
382	#FFFFFF	102
383	#FFFFFF	102
384	#FFFFFF	102
385	#FFFFFF	102
386	#FFFFFF	102
387	#FFFFFF	102
388	#FFFFFF	102
389	#FCE5EC	348
390	#FFFFFF	360
391	#FFFFFF	360
392	#FFFFFF	360
393	#FFFFFF	360
394	#FFFFFF	181
395	#FFFFFF	360
396	#FFFFFF	181
397	#FFFFFF	181
398	#FFFFFF	398
399	#FFFFFF	181
400	#FCE5EC	348
401	#FEF4F7	404
402	#FEF4F7	404
403	#FFFFFF	563
404	#FFFFFF	563
406	#FFFFFF	351
407	#FFFFFF	351
408	#FFFFFF	44
409	#FFFFFF	44
410	#FFFFFF	44
411	#FFFFFF	217
412	#FFFFFF	217
413	#FFFFFF	217
414	#FFFFFF	217
415	#FFFFFF	217
416	#FFFFFF	217
417	#FFFFFF	102
418	#FCE5EC	348
419	#FFFFFF	102
420	#FFFFFF	217
421	#FFFFFF	217
422	#FFFFFF	102
423	#FFFFFF	217
424	#FFFFFF	217
425	#FFFFFF	102
426	#FFFFFF	102
427	#FFFFFF	102
428	#FFFFFF	102
429	#FCE5EC	348
430	#FFFFFF	102
431	#FFFFFF	102
432	#FFFFFF	102
433	#FFFFFF	102
434	#FFFFFF	102
435	#FFFFFF	102
436	#FFFFFF	102
437	#FFFFFF	102
438	#FFFFFF	360
439	#FFFFFF	360
440	#FCE5EC	348
441	#FFFFFF	360
442	#FFFFFF	360
443	#FFFFFF	360
444	#FFFFFF	181
445	#FFFFFF	181
446	#FFFFFF	181
447	#FFFFFF	181
449	#FFFFFF	181
450	#FEF4F7	404
451	#FEF4F7	404
452	#FFFFFF	563
453	#FFFFFF	563
454	#FFFFFF	563
456	#FFFFFF	351
457	#FFFFFF	351
458	#FFFFFF	44
459	#FFFFFF	44
460	#FFFFFF	44
461	#FFFFFF	217
462	#FFFFFF	217
463	#FFFFFF	217
464	#FFFFFF	217
465	#FFFFFF	217
466	#FFFFFF	102
467	#FFFFFF	102
468	#FFFFFF	351
469	#FFFFFF	102
470	#FFFFFF	102
471	#FFFFFF	217
472	#FFFFFF	217
473	#FFFFFF	217
474	#FFFFFF	217
475	#FFFFFF	217
476	#FFFFFF	102
477	#FFFFFF	102
478	#FFFFFF	102
479	#FCE5EC	348
480	#FFFFFF	102
481	#FFFFFF	102
482	#FFFFFF	102
483	#FFFFFF	102
484	#FFFFFF	102
485	#FFFFFF	102
486	#FFFFFF	102
487	#FFFFFF	102
488	#FFFFFF	360
489	#FFFFFF	360
490	#FCE5EC	348
491	#FFFFFF	360
492	#FFFFFF	360
493	#FFFFFF	360
494	#FFFFFF	360
495	#FFFFFF	181
496	#FFFFFF	181
497	#FFFFFF	181
498	#FFFFFF	398
499	#FFFFFF	181
500	#FFFFFF	181
501	#FCE5EC	348
502	#FEF4F7	404
503	#FEF4F7	404
504	#FFFFFF	563
505	#FFFFFF	563
507	#FFFFFF	351
508	#FFFFFF	351
509	#FFFFFF	44
510	#FFFFFF	44
511	#FFFFFF	217
512	#FFFFFF	217
513	#FFFFFF	217
514	#FFFFFF	217
515	#FFFFFF	217
516	#FFFFFF	102
517	#FFFFFF	102
518	#FFFFFF	102
519	#FFFFFF	351
520	#FFFFFF	102
521	#FFFFFF	217
522	#FFFFFF	217
523	#FFFFFF	217
524	#FFFFFF	217
525	#FFFFFF	217
526	#FFFFFF	217
527	#FFFFFF	102
528	#FFFFFF	102
529	#FFFFFF	102
530	#FCE5EC	348
531	#FFFFFF	102
532	#FFFFFF	102
533	#FFFFFF	102
534	#FFFFFF	102
535	#FFFFFF	102
536	#FFFFFF	102
537	#FFFFFF	102
538	#FFFFFF	360
539	#FFFFFF	360
540	#FFFFFF	360
541	#FCE5EC	348
542	#FFFFFF	360
543	#FFFFFF	360
544	#FFFFFF	360
545	#FFFFFF	181
546	#FFFFFF	181
547	#FFFFFF	181
549	#FFFFFF	181
550	#FFFFFF	181
551	#FEF4F7	404
552	#FEF4F7	404
553	#FEF4F7	404
554	#FFFFFF	563
555	#FFFFFF	563
557	#FFFFFF	351
558	#FFFFFF	351
559	#FFFFFF	44
560	#FFFFFF	44
561	#FFFFFF	44
562	#FFFFFF	217
563	#FFFFFF	217
564	#FFFFFF	217
565	#FFFFFF	217
566	#FFFFFF	217
567	#FFFFFF	102
568	#FFFFFF	102
569	#FFFFFF	351
570	#FFFFFF	102
571	#FFFFFF	217
572	#FFFFFF	217
573	#FFFFFF	217
574	#FFFFFF	217
575	#FFFFFF	217
576	#FFFFFF	217
577	#FFFFFF	217
578	#FFFFFF	217
579	#FFFFFF	102
580	#FFFFFF	351
581	#FFFFFF	217
582	#FFFFFF	102
583	#FFFFFF	102
584	#FFFFFF	102
585	#FFFFFF	102
586	#FFFFFF	102
587	#FFFFFF	102
588	#FFFFFF	360
589	#FFFFFF	360
590	#FFFFFF	360
591	#FCE5EC	348
592	#FFFFFF	360
593	#FFFFFF	360
594	#FFFFFF	360
595	#FFFFFF	360
596	#FFFFFF	181
597	#FFFFFF	181
599	#FFFFFF	181
600	#FFFFFF	181
601	#FFFFFF	224
602	#FEF4F7	404
603	#FEF4F7	404
604	#FEF4F7	404
605	#FEF4F7	404
606	#FFFFFF	563
608	#FFFFFF	351
609	#FFFFFF	351
610	#FFFFFF	44
611	#FFFFFF	44
612	#FFFFFF	217
613	#FFFFFF	217
614	#FFFFFF	217
615	#FFFFFF	217
616	#FFFFFF	102
617	#FFFFFF	217
618	#FFFFFF	102
619	#FFFFFF	102
620	#FFFFFF	351
621	#FFFFFF	217
622	#FFFFFF	217
623	#FFFFFF	217
624	#FFFFFF	217
625	#FFFFFF	217
626	#FFFFFF	217
627	#FFFFFF	217
628	#FFFFFF	217
629	#FFFFFF	102
630	#FFFFFF	102
631	#FCE5EC	348
632	#FFFFFF	217
633	#FFFFFF	102
634	#FFFFFF	102
635	#FFFFFF	102
636	#FFFFFF	102
637	#FFFFFF	102
638	#FFFFFF	360
639	#FFFFFF	360
640	#FFFFFF	360
641	#FFFFFF	360
642	#FEF4F7	404
643	#FFFFFF	360
644	#FFFFFF	360
645	#FFFFFF	360
646	#FFFFFF	360
647	#FFFFFF	181
649	#FFFFFF	181
651	#FFFFFF	181
652	#FEF4F7	404
653	#FEF4F7	404
654	#FEF4F7	404
655	#FFFFFF	563
656	#FFFFFF	44
658	#FFFFFF	351
659	#FFFFFF	351
660	#FFFFFF	44
661	#FFFFFF	44
662	#FFFFFF	44
663	#FFFFFF	217
664	#FFFFFF	217
665	#FFFFFF	217
666	#FFFFFF	217
667	#FFFFFF	102
668	#FFFFFF	102
669	#FFFFFF	217
670	#FFFFFF	351
671	#FFFFFF	217
672	#FFFFFF	217
673	#FFFFFF	217
674	#FFFFFF	217
675	#FFFFFF	217
676	#FFFFFF	217
677	#FFFFFF	217
678	#FFFFFF	217
679	#FFFFFF	217
680	#FFFFFF	217
681	#FCE5EC	348
682	#FFFFFF	102
683	#FFFFFF	217
684	#FFFFFF	102
685	#FFFFFF	102
686	#FFFFFF	102
687	#FFFFFF	102
688	#FFFFFF	360
689	#FFFFFF	360
690	#FFFFFF	360
691	#FFFFFF	360
692	#FEF4F7	404
693	#FFFFFF	360
694	#FFFFFF	360
695	#FFFFFF	360
696	#FFFFFF	360
697	#FFFFFF	181
698	#FFFFFF	398
699	#FFFFFF	181
700	#FFFFFF	181
701	#FFFFFF	181
702	#FFFFFF	181
703	#FEF4F7	404
704	#FEF4F7	404
705	#FEF4F7	404
706	#FFFFFF	563
707	#FFFFFF	563
709	#FFFFFF	351
710	#FFFFFF	351
711	#FFFFFF	44
712	#FFFFFF	44
713	#FFFFFF	44
714	#FFFFFF	44
715	#FFFFFF	217
716	#FFFFFF	217
717	#FFFFFF	217
718	#FFFFFF	102
719	#FFFFFF	217
720	#FFFFFF	217
721	#FCE5EC	348
722	#FFFFFF	217
723	#FFFFFF	217
724	#FFFFFF	217
725	#FFFFFF	217
726	#FFFFFF	217
727	#FFFFFF	217
728	#FFFFFF	217
729	#FFFFFF	217
730	#FFFFFF	217
731	#FFFFFF	217
732	#FEF4F7	404
733	#FFFFFF	217
734	#FFFFFF	217
735	#FFFFFF	217
736	#FFFFFF	102
737	#FFFFFF	102
738	#FFFFFF	360
739	#FFFFFF	360
740	#FFFFFF	360
741	#FFFFFF	360
742	#FFFFFF	360
743	#FEF4F7	404
744	#FFFFFF	360
745	#FFFFFF	360
746	#FFFFFF	360
747	#FFFFFF	181
748	#FFFFFF	398
749	#FFFFFF	181
750	#FFFFFF	181
751	#FFFFFF	181
752	#FFFFFF	181
753	#FEF4F7	404
754	#FEF4F7	404
755	#FFFFFF	563
756	#FFFFFF	563
757	#FFFFFF	563
759	#FFFFFF	351
760	#FFFFFF	351
761	#FFFFFF	44
762	#FFFFFF	44
763	#FFFFFF	44
764	#FFFFFF	44
765	#FFFFFF	44
766	#FFFFFF	217
767	#FFFFFF	217
768	#FFFFFF	217
769	#FFFFFF	217
770	#FFFFFF	217
771	#FCE5EC	348
772	#FFFFFF	217
773	#FFFFFF	217
774	#FFFFFF	217
775	#FFFFFF	217
776	#FFFFFF	217
777	#FFFFFF	217
778	#FFFFFF	217
779	#FFFFFF	217
780	#FFFFFF	217
781	#FFFFFF	217
782	#FEF4F7	404
783	#FFFFFF	217
784	#FFFFFF	217
785	#FFFFFF	217
786	#FFFFFF	102
787	#FFFFFF	102
788	#FFFFFF	360
789	#FFFFFF	360
790	#FFFFFF	360
791	#FFFFFF	360
792	#FFFFFF	360
793	#FEF4F7	404
794	#FFFFFF	360
795	#FFFFFF	360
796	#FFFFFF	360
797	#FFFFFF	181
798	#FFFFFF	398
799	#FFFFFF	398
800	#FFFFFF	181
801	#FFFFFF	181
802	#FFFFFF	181
803	#FFFFFF	181
804	#FEF4F7	404
805	#FEF4F7	404
806	#FFFFFF	563
807	#FFFFFF	563
808	#FFFFFF	563
810	#FFFFFF	351
811	#FCE5EC	348
812	#FFFFFF	44
813	#FFFFFF	44
814	#FFFFFF	44
815	#FFFFFF	217
816	#FFFFFF	44
817	#FFFFFF	217
818	#FFFFFF	217
819	#FFFFFF	217
820	#FFFFFF	217
821	#FFFFFF	217
822	#FEF4F7	404
823	#FFFFFF	217
824	#FFFFFF	217
825	#FFFFFF	217
826	#FFFFFF	217
827	#FFFFFF	217
828	#FFFFFF	217
829	#FFFFFF	217
830	#FFFFFF	217
831	#FFFFFF	217
832	#FFFFFF	217
833	#FEF4F7	404
834	#FFFFFF	217
835	#FFFFFF	217
836	#FFFFFF	217
837	#FFFFFF	102
838	#FFFFFF	360
839	#FFFFFF	360
840	#FFFFFF	360
841	#FFFFFF	360
842	#FFFFFF	360
843	#FFFFFF	360
844	#FEF4F7	404
845	#FFFFFF	360
846	#FFFFFF	360
847	#FFFFFF	181
848	#FFFFFF	398
849	#FFFFFF	181
850	#FFFFFF	181
851	#FFFFFF	181
852	#FFFFFF	181
853	#FFFFFF	181
854	#FEF4F7	404
855	#FFFFFF	563
856	#FFFFFF	563
857	#FFFFFF	563
858	#FFFFFF	44
860	#FFFFFF	351
861	#FCE5EC	348
862	#FFFFFF	44
863	#FFFFFF	44
864	#FFFFFF	44
865	#FFFFFF	44
866	#FFFFFF	217
867	#FFFFFF	217
868	#FFFFFF	217
869	#FFFFFF	217
870	#FFFFFF	217
871	#FFFFFF	217
872	#FEF4F7	404
873	#FFFFFF	217
874	#FFFFFF	217
875	#FFFFFF	217
876	#FFFFFF	217
877	#FFFFFF	217
878	#FFFFFF	217
879	#FFFFFF	217
880	#FFFFFF	217
881	#FFFFFF	217
882	#FFFFFF	217
883	#FEF4F7	404
884	#FFFFFF	217
885	#FFFFFF	217
886	#FFFFFF	217
887	#FFFFFF	102
888	#FFFFFF	360
889	#FFFFFF	360
890	#FFFFFF	360
891	#FFFFFF	360
892	#FFFFFF	360
893	#FFFFFF	360
894	#FEF4F7	404
895	#FFFFFF	360
896	#FFFFFF	360
897	#FFFFFF	181
898	#FFFFFF	398
899	#FFFFFF	224
900	#FFFFFF	181
901	#FFFFFF	181
902	#FFFFFF	181
903	#FFFFFF	181
904	#FFFFFF	181
905	#FEF4F7	404
906	#FFFFFF	563
907	#FFFFFF	563
908	#FFFFFF	563
909	#FFFFFF	563
911	#FFFFFF	351
912	#FEF4F7	404
913	#FFFFFF	44
914	#FFFFFF	44
915	#FFFFFF	44
916	#FFFFFF	217
917	#FFFFFF	217
918	#FFFFFF	217
919	#FFFFFF	217
920	#FFFFFF	217
921	#FFFFFF	217
922	#FFFFFF	217
923	#FEF4F7	404
924	#FFFFFF	217
925	#FFFFFF	217
926	#FFFFFF	217
927	#FFFFFF	217
928	#FFFFFF	217
929	#FFFFFF	217
930	#FFFFFF	217
931	#FFFFFF	217
932	#FFFFFF	217
933	#FFFFFF	103
934	#FEF4F7	404
935	#FFFFFF	103
936	#FFFFFF	103
937	#FFFFFF	217
938	#FFFFFF	360
939	#FFFFFF	360
940	#FFFFFF	360
941	#FFFFFF	360
942	#FFFFFF	360
943	#FFFFFF	360
944	#FFFFFF	360
945	#FEF4F7	404
946	#FFFFFF	360
947	#FFFFFF	181
948	#FFFFFF	398
949	#FFFFFF	224
950	#FFFFFF	181
951	#FFFFFF	181
952	#FFFFFF	181
953	#FFFFFF	181
954	#FFFFFF	181
955	#FFFFFF	563
956	#FFFFFF	563
957	#FFFFFF	563
958	#FFFFFF	563
959	#FFFFFF	563
961	#FFFFFF	351
962	#FFFFFF	351
963	#FFFFFF	563
964	#FFFFFF	44
965	#FFFFFF	44
966	#FFFFFF	217
967	#FFFFFF	217
968	#FFFFFF	217
969	#FFFFFF	217
970	#FFFFFF	217
971	#FFFFFF	217
972	#FFFFFF	217
973	#FEF4F7	404
974	#FFFFFF	217
975	#FFFFFF	217
976	#FFFFFF	217
977	#FFFFFF	217
978	#FFFFFF	217
979	#FFFFFF	217
980	#FFFFFF	217
981	#FFFFFF	217
982	#FFFFFF	217
983	#FFFFFF	217
984	#FEF4F7	404
985	#FFFFFF	103
986	#FFFFFF	103
987	#FFFFFF	103
988	#FFFFFF	360
989	#FFFFFF	360
990	#FFFFFF	360
991	#FFFFFF	360
992	#FFFFFF	360
993	#FFFFFF	360
994	#FFFFFF	360
995	#FEF4F7	404
996	#FFFFFF	360
997	#FFFFFF	181
998	#FFFFFF	398
999	#FFFFFF	181
1000	#FFFFFF	224
1001	#FFFFFF	224
1002	#FFFFFF	224
1003	#FFFFFF	181
1004	#FFFFFF	224
1005	#FFFFFF	224
1006	#FFFFFF	563
1007	#FFFFFF	563
1008	#FFFFFF	563
1009	#FFFFFF	563
1010	#FFFFFF	563
1012	#FFFFFF	351
1013	#FFFFFF	351
1014	#FFFFFF	563
1015	#FFFFFF	44
1016	#FFFFFF	217
1017	#FFFFFF	217
1018	#FFFFFF	217
1019	#FFFFFF	217
1020	#FFFFFF	217
1021	#FFFFFF	217
1022	#FFFFFF	217
1023	#FFFFFF	217
1024	#FEF4F7	404
1025	#FFFFFF	217
1026	#FFFFFF	217
1027	#FFFFFF	217
1028	#FFFFFF	217
1029	#FFFFFF	217
1030	#FFFFFF	217
1031	#FFFFFF	217
1032	#FFFFFF	217
1033	#FFFFFF	217
1034	#FFFFFF	103
1035	#FEF4F7	404
1036	#FFFFFF	103
1037	#FFFFFF	103
1038	#FFFFFF	181
1039	#FFFFFF	360
1040	#FFFFFF	360
1041	#FFFFFF	360
1042	#FFFFFF	360
1043	#FFFFFF	360
1044	#FFFFFF	360
1045	#FFFFFF	360
1046	#FFFFFF	563
1047	#FFFFFF	181
1048	#FFFFFF	398
1049	#FFFFFF	181
1050	#FFFFFF	181
1051	#FFFFFF	224
1052	#FFFFFF	224
1053	#FFFFFF	224
1054	#FFFFFF	224
1055	#FFFFFF	224
1056	#FFFFFF	563
1057	#FFFFFF	563
1058	#FFFFFF	563
1059	#FFFFFF	563
1060	#FFFFFF	563
1062	#FFFFFF	351
1063	#FFFFFF	351
1064	#FFFFFF	563
1065	#FFFFFF	563
1066	#FFFFFF	217
1067	#FFFFFF	217
1068	#FFFFFF	217
1069	#FFFFFF	217
1070	#FFFFFF	217
1071	#FFFFFF	217
1072	#FFFFFF	217
1073	#FFFFFF	217
1074	#FFFFFF	445
1075	#FFFFFF	217
1076	#FFFFFF	217
1077	#FFFFFF	217
1078	#FFFFFF	217
1079	#FFFFFF	217
1080	#FFFFFF	217
1081	#FFFFFF	217
1082	#FFFFFF	217
1083	#FFFFFF	217
1084	#FFFFFF	103
1085	#FEF4F7	404
1086	#FFFFFF	103
1087	#FFFFFF	103
1088	#FFFFFF	181
1089	#FFFFFF	360
1090	#FFFFFF	360
1091	#FFFFFF	360
1092	#FFFFFF	360
1093	#FFFFFF	360
1094	#FFFFFF	360
1095	#FFFFFF	360
1096	#FFFFFF	563
1097	#FFFFFF	181
1099	#FFFFFF	181
1100	#FFFFFF	181
1101	#FFFFFF	224
1102	#FFFFFF	224
1103	#FFFFFF	709
1104	#FFFFFF	224
1105	#FFFFFF	224
1106	#FFFFFF	224
1107	#FFFFFF	563
1108	#FFFFFF	563
1109	#FFFFFF	563
1110	#FFFFFF	563
1111	#FFFFFF	563
1113	#FFFFFF	351
1114	#FFFFFF	351
1115	#FFFFFF	563
1116	#FFFFFF	563
1117	#FFFFFF	769
1118	#FFFFFF	217
1119	#FFFFFF	217
1120	#FFFFFF	217
1121	#FFFFFF	217
1122	#FFFFFF	217
1123	#FFFFFF	217
1124	#FFFFFF	217
1125	#FFFFFF	445
1126	#FFFFFF	217
1127	#FFFFFF	217
1128	#FFFFFF	217
1129	#FFFFFF	217
1130	#FFFFFF	217
1131	#FFFFFF	217
1132	#FFFFFF	217
1133	#FFFFFF	217
1134	#FFFFFF	103
1135	#FFFFFF	103
1136	#FFFFFF	563
1137	#FFFFFF	103
1138	#FFFFFF	103
1139	#FFFFFF	181
1140	#FFFFFF	360
1141	#FFFFFF	360
1142	#FFFFFF	360
1143	#FFFFFF	360
1144	#FFFFFF	360
1145	#FFFFFF	360
1146	#FFFFFF	360
1147	#FFFFFF	563
1148	#FFFFFF	398
1149	#FFFFFF	181
1150	#FFFFFF	181
1151	#FFFFFF	224
1152	#FFFFFF	709
1153	#FFFFFF	224
1154	#FFFFFF	709
1155	#FFFFFF	709
1156	#FFFFFF	224
1157	#FFFFFF	563
1158	#FFFFFF	563
1159	#FFFFFF	563
1160	#FFFFFF	563
1161	#FFFFFF	563
1163	#FFFFFF	351
1164	#FCE5EC	348
1165	#FFFFFF	44
1166	#FFFFFF	44
1167	#FFFFFF	44
1168	#FFFFFF	44
1169	#FFFFFF	44
1170	#FFFFFF	44
1171	#FFFFFF	44
1172	#FFFFFF	608
1173	#FFFFFF	608
1174	#FFFFFF	608
1175	#FCE5EC	348
1176	#FFFFFF	608
1177	#FFFFFF	102
1178	#FFFFFF	102
1179	#FFFFFF	102
1180	#FFFFFF	102
1181	#FFFFFF	102
1182	#FFFFFF	102
1183	#FFFFFF	102
1184	#FFFFFF	102
1185	#FFFFFF	102
1186	#FEF4F7	404
1187	#FFFFFF	102
1188	#FFFFFF	102
1189	#FFFFFF	102
1190	#FFFFFF	102
1191	#FFFFFF	102
1192	#FFFFFF	102
1193	#FFFFFF	102
1194	#FFFFFF	102
1195	#FFFFFF	102
1196	#FFFFFF	102
1197	#FEF4F7	404
1198	#FFFFFF	102
1199	#FFFFFF	102
1200	#FFFFFF	102
1201	#FFFFFF	102
1202	#FFFFFF	102
1203	#FFFFFF	102
1204	#FFFFFF	102
1205	#FFFFFF	102
1206	#FFFFFF	102
1207	#FFFFFF	360
1208	#FEF4F7	404
1209	#FEF4F7	404
1210	#FFFFFF	44
1211	#FFFFFF	44
1212	#FFFFFF	44
1214	#FFFFFF	351
1215	#FCE5EC	348
1216	#FFFFFF	44
1217	#FFFFFF	44
1218	#FFFFFF	44
1219	#FFFFFF	44
1220	#FFFFFF	44
1221	#FFFFFF	44
1222	#FFFFFF	44
1223	#FFFFFF	608
1224	#FFFFFF	608
1225	#FFFFFF	608
1226	#FEF4F7	404
1227	#FFFFFF	608
1228	#FFFFFF	102
1229	#FFFFFF	102
1230	#FFFFFF	102
1231	#FFFFFF	102
1232	#FFFFFF	102
1233	#FFFFFF	102
1234	#FFFFFF	102
1235	#FFFFFF	102
1236	#FFFFFF	102
1237	#FEF4F7	404
1238	#FFFFFF	102
1239	#FFFFFF	102
1240	#FFFFFF	102
1241	#FFFFFF	102
1242	#FFFFFF	102
1243	#FFFFFF	102
1244	#FFFFFF	102
1245	#FFFFFF	102
1246	#FFFFFF	102
1247	#FFFFFF	102
1248	#FEF4F7	404
1249	#FFFFFF	102
1250	#FFFFFF	102
1251	#FFFFFF	102
1252	#FFFFFF	102
1253	#FFFFFF	102
1254	#FFFFFF	102
1255	#FFFFFF	102
1256	#FFFFFF	102
1257	#FFFFFF	360
1258	#FEF4F7	404
1259	#FFFFFF	44
1260	#FFFFFF	44
1261	#FFFFFF	44
1262	#FFFFFF	44
1264	#FFFFFF	351
1265	#FFFFFF	351
1266	#FFFFFF	563
1267	#FFFFFF	769
1268	#FFFFFF	769
1269	#FFFFFF	217
1270	#FFFFFF	769
1271	#FFFFFF	217
1272	#FFFFFF	217
1273	#FFFFFF	769
1274	#FFFFFF	217
1275	#FFFFFF	217
1276	#FFFFFF	351
1277	#FFFFFF	217
1278	#FFFFFF	217
1279	#FFFFFF	217
1280	#FFFFFF	217
1281	#FFFFFF	217
1282	#FFFFFF	217
1283	#FFFFFF	217
1284	#FFFFFF	217
1285	#FFFFFF	103
1286	#FFFFFF	103
1287	#FFFFFF	445
1288	#FFFFFF	103
1289	#FFFFFF	181
1290	#FFFFFF	181
1291	#FFFFFF	181
1292	#FFFFFF	181
1293	#FFFFFF	360
1294	#FFFFFF	360
1295	#FFFFFF	360
1296	#FFFFFF	360
1297	#FFFFFF	360
1298	#FFFFFF	563
1299	#FFFFFF	398
1300	#FFFFFF	181
1301	#FFFFFF	181
1302	#FFFFFF	224
1303	#FFFFFF	709
1304	#FFFFFF	709
1305	#FFFFFF	709
1306	#FFFFFF	709
1307	#FFFFFF	709
1308	#FFFFFF	709
1309	#FFFFFF	563
1310	#FFFFFF	563
1311	#FFFFFF	563
1312	#FFFFFF	563
1313	#FFFFFF	563
1315	#FFFFFF	351
1316	#FFFFFF	351
1317	#FFFFFF	563
1318	#FFFFFF	769
1319	#FFFFFF	769
1320	#FFFFFF	769
1321	#FFFFFF	217
1322	#FFFFFF	217
1323	#FFFFFF	769
1324	#FFFFFF	769
1325	#FFFFFF	217
1326	#FFFFFF	217
1327	#FFFFFF	445
1328	#FFFFFF	217
1329	#FFFFFF	217
1330	#FFFFFF	217
1331	#FFFFFF	217
1332	#FFFFFF	217
1333	#FFFFFF	217
1334	#FFFFFF	217
1335	#FFFFFF	103
1336	#FFFFFF	103
1337	#FFFFFF	103
1338	#FFFFFF	563
1339	#FFFFFF	181
1340	#FFFFFF	181
1341	#FFFFFF	181
1342	#FFFFFF	181
1343	#FFFFFF	181
1344	#FFFFFF	360
1345	#FFFFFF	360
1346	#FFFFFF	360
1347	#FFFFFF	181
1348	#FFFFFF	398
1349	#FFFFFF	563
1350	#FFFFFF	398
1351	#FFFFFF	181
1352	#FFFFFF	181
1353	#FFFFFF	224
1354	#FFFFFF	709
1355	#FFFFFF	709
1356	#FFFFFF	709
1357	#FFFFFF	709
1358	#FFFFFF	709
1359	#FFFFFF	563
1360	#FFFFFF	563
1361	#FFFFFF	563
1362	#FFFFFF	563
1363	#FFFFFF	563
1365	#FFFFFF	351
1366	#FFFFFF	351
1367	#FFFFFF	563
1368	#FFFFFF	769
1369	#FFFFFF	769
1370	#FFFFFF	769
1371	#FFFFFF	769
1372	#FFFFFF	217
1373	#FFFFFF	769
1374	#FFFFFF	769
1375	#FFFFFF	769
1376	#FFFFFF	217
1377	#FFFFFF	445
1378	#FFFFFF	217
1379	#FFFFFF	217
1380	#FFFFFF	217
1381	#FFFFFF	217
1382	#FFFFFF	217
1383	#FFFFFF	217
1384	#FFFFFF	217
1385	#FFFFFF	103
1386	#FFFFFF	103
1387	#FFFFFF	103
1388	#FFFFFF	445
1389	#FFFFFF	181
1390	#FFFFFF	181
1391	#FFFFFF	181
1392	#FFFFFF	181
1393	#FFFFFF	181
1394	#FFFFFF	181
1395	#FFFFFF	360
1396	#FFFFFF	360
1397	#FFFFFF	360
1399	#FFFFFF	563
1400	#FFFFFF	181
1401	#FFFFFF	181
1402	#FFFFFF	181
1403	#FFFFFF	224
1404	#FFFFFF	224
1405	#FFFFFF	709
1406	#FFFFFF	709
1407	#FFFFFF	709
1408	#FFFFFF	709
1409	#FFFFFF	709
1410	#FFFFFF	563
1411	#FFFFFF	563
1412	#FFFFFF	563
1413	#FFFFFF	563
1414	#FFFFFF	563
1416	#FFFFFF	351
1417	#FFFFFF	445
1418	#FFFFFF	563
1419	#FFFFFF	769
1420	#FFFFFF	769
1421	#FFFFFF	769
1422	#FFFFFF	217
1423	#FFFFFF	769
1424	#FFFFFF	769
1425	#FFFFFF	769
1426	#FFFFFF	769
1427	#FFFFFF	217
1428	#FFFFFF	445
1429	#FFFFFF	217
1430	#FFFFFF	217
1431	#FFFFFF	217
1432	#FFFFFF	217
1433	#FFFFFF	217
1434	#FFFFFF	217
1435	#FFFFFF	217
1436	#FFFFFF	103
1437	#FFFFFF	103
1438	#FFFFFF	181
1439	#FFFFFF	445
1440	#FFFFFF	103
1441	#FFFFFF	181
1442	#FFFFFF	181
1443	#FFFFFF	181
1444	#FFFFFF	181
1445	#FFFFFF	181
1446	#FFFFFF	360
1447	#FFFFFF	360
1448	#FFFFFF	398
1449	#FFFFFF	181
1450	#FFFFFF	563
1451	#FFFFFF	181
1452	#FFFFFF	224
1453	#FFFFFF	224
1454	#FFFFFF	224
1455	#FFFFFF	709
1456	#FFFFFF	709
1457	#FFFFFF	709
1458	#FFFFFF	709
1459	#FFFFFF	709
1460	#FFFFFF	563
1461	#FFFFFF	563
1462	#FFFFFF	563
1463	#FFFFFF	563
1464	#FFFFFF	563
1466	#FFFFFF	351
1467	#FFFFFF	445
1468	#FFFFFF	769
1469	#FFFFFF	769
1470	#FFFFFF	769
1471	#FFFFFF	769
1472	#FFFFFF	769
1473	#FFFFFF	769
1474	#FFFFFF	769
1475	#FFFFFF	769
1476	#FFFFFF	769
1477	#FFFFFF	769
1478	#FFFFFF	445
1479	#FFFFFF	217
1480	#FFFFFF	217
1481	#FFFFFF	217
1482	#FFFFFF	217
1483	#FFFFFF	217
1484	#FFFFFF	217
1485	#FFFFFF	217
1486	#FFFFFF	217
1487	#FFFFFF	103
1488	#FFFFFF	181
1489	#FFFFFF	445
1490	#FFFFFF	181
1491	#FFFFFF	103
1492	#FFFFFF	181
1493	#FFFFFF	181
1494	#FFFFFF	181
1495	#FFFFFF	181
1496	#FFFFFF	181
1497	#FFFFFF	360
1499	#FFFFFF	181
1500	#FFFFFF	563
1501	#FFFFFF	181
1502	#FFFFFF	224
1503	#FFFFFF	224
1504	#FFFFFF	224
1505	#FFFFFF	224
1506	#FFFFFF	224
1507	#FFFFFF	709
1508	#FFFFFF	709
1509	#FFFFFF	709
1510	#FFFFFF	398
1511	#FFFFFF	563
1512	#FFFFFF	563
1513	#FFFFFF	563
1514	#FFFFFF	563
1515	#FFFFFF	563
1517	#FFFFFF	351
1518	#FFFFFF	445
1519	#FFFFFF	769
1520	#FFFFFF	769
1521	#FFFFFF	769
1522	#FFFFFF	769
1523	#FFFFFF	769
1524	#FFFFFF	769
1525	#FFFFFF	769
1526	#FFFFFF	769
1527	#FFFFFF	769
1528	#FFFFFF	769
1529	#FFFFFF	445
1530	#FFFFFF	217
1531	#FFFFFF	217
1532	#FFFFFF	217
1533	#FFFFFF	217
1534	#FFFFFF	217
1535	#FFFFFF	217
1536	#FFFFFF	217
1537	#FFFFFF	103
1538	#FFFFFF	181
1539	#FFFFFF	181
1540	#FFFFFF	445
1541	#FFFFFF	103
1542	#FFFFFF	181
1543	#FFFFFF	181
1544	#FFFFFF	181
1545	#FFFFFF	181
1546	#FFFFFF	181
1547	#FFFFFF	398
1548	#FFFFFF	398
1549	#FFFFFF	181
1550	#FFFFFF	181
1551	#FFFFFF	563
1552	#FFFFFF	224
1553	#FFFFFF	224
1554	#FFFFFF	224
1555	#FFFFFF	224
1556	#FFFFFF	224
1557	#FFFFFF	709
1558	#FFFFFF	709
1559	#FFFFFF	709
1560	#FFFFFF	398
1561	#FFFFFF	563
1562	#FFFFFF	563
1563	#FFFFFF	563
1564	#FFFFFF	563
1565	#FFFFFF	563
1567	#FFFFFF	351
1568	#FFFFFF	445
1569	#FFFFFF	769
1570	#FFFFFF	769
1571	#FFFFFF	769
1572	#FFFFFF	769
1573	#FFFFFF	769
1574	#FFFFFF	769
1575	#FFFFFF	769
1576	#FFFFFF	769
1577	#FFFFFF	769
1578	#FFFFFF	769
1579	#FFFFFF	445
1580	#FFFFFF	769
1581	#FFFFFF	217
1582	#FFFFFF	217
1583	#FFFFFF	217
1584	#FFFFFF	217
1585	#FFFFFF	217
1586	#FFFFFF	217
1587	#FFFFFF	103
1588	#FFFFFF	103
1589	#FFFFFF	103
1590	#FFFFFF	445
1591	#FFFFFF	103
1592	#FFFFFF	181
1593	#FFFFFF	181
1594	#FFFFFF	181
1595	#FFFFFF	181
1596	#FFFFFF	181
1597	#FFFFFF	181
1599	#FFFFFF	181
1600	#FFFFFF	181
1601	#FFFFFF	563
1602	#FFFFFF	224
1603	#FFFFFF	224
1604	#FFFFFF	224
1605	#FFFFFF	224
1606	#FFFFFF	224
1607	#FFFFFF	224
1608	#FFFFFF	709
1609	#FFFFFF	709
1610	#FFFFFF	398
1611	#FFFFFF	230
1612	#FFFFFF	563
1613	#FFFFFF	563
1614	#FFFFFF	563
1615	#FFFFFF	563
1616	#FFFFFF	563
1618	#FFFFFF	208
1619	#FFFFFF	445
1620	#FFFFFF	769
1621	#FFFFFF	769
1622	#FFFFFF	769
1623	#FFFFFF	769
1624	#FFFFFF	769
1625	#FFFFFF	769
1626	#FFFFFF	769
1627	#FFFFFF	769
1628	#FFFFFF	769
1629	#FFFFFF	769
1630	#FFFFFF	445
1631	#FFFFFF	769
1632	#FFFFFF	217
1633	#FFFFFF	217
1634	#FFFFFF	217
1635	#FFFFFF	217
1636	#FFFFFF	217
1637	#FFFFFF	217
1638	#FFFFFF	103
1639	#FFFFFF	103
1640	#FFFFFF	103
1641	#FFFFFF	445
1642	#FFFFFF	181
1643	#FFFFFF	181
1644	#FFFFFF	181
1645	#FFFFFF	181
1646	#FFFFFF	181
1647	#FFFFFF	181
1649	#FFFFFF	398
1650	#FFFFFF	181
1651	#FFFFFF	224
1652	#FFFFFF	563
1653	#FFFFFF	224
1654	#FFFFFF	224
1655	#FFFFFF	224
1656	#FFFFFF	224
1657	#FFFFFF	224
1658	#FFFFFF	224
1659	#FFFFFF	709
1660	#FFFFFF	398
1661	#FFFFFF	230
1662	#FFFFFF	563
1663	#FFFFFF	563
1664	#FFFFFF	563
1665	#FFFFFF	563
1666	#FFFFFF	769
1668	#FFFFFF	656
1669	#FFFFFF	208
1670	#FFFFFF	769
1671	#FFFFFF	769
1672	#FFFFFF	769
1673	#FFFFFF	769
1674	#FFFFFF	769
1675	#FFFFFF	769
1676	#FFFFFF	769
1677	#FFFFFF	769
1678	#FFFFFF	769
1679	#FFFFFF	769
1680	#FFFFFF	445
1681	#FFFFFF	769
1682	#FFFFFF	769
1683	#FFFFFF	217
1684	#FFFFFF	217
1685	#FFFFFF	217
1686	#FFFFFF	217
1687	#FFFFFF	217
1688	#FFFFFF	103
1689	#FFFFFF	103
1690	#FFFFFF	103
1691	#FFFFFF	445
1692	#FFFFFF	181
1693	#FFFFFF	181
1694	#FFFFFF	181
1695	#FFFFFF	181
1696	#FFFFFF	181
1697	#FFFFFF	181
1700	#FFFFFF	181
1701	#FFFFFF	224
1702	#FFFFFF	445
1703	#FFFFFF	224
1704	#FFFFFF	224
1705	#FFFFFF	224
1706	#FFFFFF	224
1707	#FFFFFF	224
1708	#FFFFFF	224
1709	#FFFFFF	224
1710	#FFFFFF	398
1711	#FFFFFF	230
1712	#FFFFFF	230
1713	#FFFFFF	563
1714	#FFFFFF	563
1715	#FFFFFF	563
1716	#FFFFFF	563
1717	#FFFFFF	563
1719	#FFFFFF	656
1720	#FFFFFF	208
1721	#FFFFFF	769
1722	#FFFFFF	769
1723	#FFFFFF	769
1724	#FFFFFF	769
1725	#FFFFFF	769
1726	#FFFFFF	769
1727	#FFFFFF	769
1728	#FFFFFF	769
1729	#FFFFFF	769
1730	#FFFFFF	769
1731	#FFFFFF	445
1732	#FFFFFF	769
1733	#FFFFFF	217
1734	#FFFFFF	217
1735	#FFFFFF	217
1736	#FFFFFF	217
1737	#FFFFFF	217
1738	#FFFFFF	103
1739	#FFFFFF	103
1740	#FFFFFF	103
1741	#FFFFFF	103
1742	#FFFFFF	445
1743	#FFFFFF	181
1744	#FFFFFF	181
1745	#FFFFFF	181
1746	#FFFFFF	181
1747	#FFFFFF	181
1748	#FFFFFF	398
1749	#FFFFFF	398
1750	#FFFFFF	398
1751	#FFFFFF	181
1752	#FFFFFF	224
1753	#FFFFFF	445
1754	#FFFFFF	224
1755	#FFFFFF	224
1756	#FFFFFF	224
1757	#FFFFFF	224
1758	#FFFFFF	224
1759	#FFFFFF	224
1760	#FFFFFF	398
1761	#FFFFFF	230
1762	#FFFFFF	230
1763	#FFFFFF	563
1764	#FFFFFF	563
1765	#FFFFFF	563
1766	#FFFFFF	563
1767	#FFFFFF	769
1769	#FFFFFF	656
1770	#FFFFFF	656
1771	#FFFFFF	769
1772	#FFFFFF	769
1773	#FFFFFF	769
1774	#FFFFFF	769
1775	#FFFFFF	769
1776	#FFFFFF	769
1777	#FFFFFF	769
1778	#FFFFFF	769
1779	#FFFFFF	769
1780	#FFFFFF	769
1781	#FFFFFF	208
1782	#FFFFFF	769
1783	#FFFFFF	217
1784	#FFFFFF	217
1785	#FFFFFF	217
1786	#FFFFFF	217
1787	#FFFFFF	217
1788	#FFFFFF	103
1789	#FFFFFF	103
1790	#FFFFFF	103
1791	#FFFFFF	103
1792	#FFFFFF	445
1793	#FFFFFF	103
1794	#FFFFFF	181
1795	#FFFFFF	181
1796	#FFFFFF	181
1797	#FFFFFF	181
1799	#FFFFFF	398
1800	#FFFFFF	398
1801	#FFFFFF	181
1802	#FFFFFF	181
1803	#FFFFFF	445
1804	#FFFFFF	224
1805	#FFFFFF	224
1806	#FFFFFF	224
1807	#FFFFFF	224
1808	#FFFFFF	224
1809	#FFFFFF	224
1810	#FFFFFF	398
1811	#FFFFFF	224
1812	#FFFFFF	230
1813	#FFFFFF	713
1814	#FFFFFF	563
1815	#FFFFFF	563
1816	#FFFFFF	563
1817	#FFFFFF	769
1818	#FFFFFF	563
1820	#FFFFFF	656
1821	#FFFFFF	208
1822	#FFFFFF	769
1823	#FFFFFF	769
1824	#FFFFFF	769
1825	#FFFFFF	769
1826	#FFFFFF	769
1827	#FFFFFF	769
1828	#FFFFFF	769
1829	#FFFFFF	769
1830	#FFFFFF	769
1831	#FFFFFF	769
1832	#FFFFFF	208
1833	#FFFFFF	217
1834	#FFFFFF	217
1835	#FFFFFF	103
1836	#FFFFFF	217
1837	#FFFFFF	217
1838	#FFFFFF	103
1839	#FFFFFF	103
1840	#FFFFFF	103
1841	#FFFFFF	103
1842	#FFFFFF	103
1843	#FFFFFF	445
1844	#FFFFFF	103
1845	#FFFFFF	181
1846	#FFFFFF	181
1847	#FFFFFF	181
1848	#FFFFFF	398
1849	#FFFFFF	398
1851	#FFFFFF	398
1852	#FFFFFF	181
1853	#FFFFFF	224
1854	#FFFFFF	563
1855	#FFFFFF	224
1856	#FFFFFF	224
1857	#FFFFFF	224
1858	#FFFFFF	224
1859	#FFFFFF	224
1860	#FFFFFF	398
1861	#FFFFFF	224
1862	#FFFFFF	230
1863	#FFFFFF	230
1864	#FFFFFF	563
1865	#FFFFFF	563
1866	#FFFFFF	563
1867	#FFFFFF	769
1868	#FFFFFF	563
1870	#FFFFFF	656
1871	#FFFFFF	208
1872	#FFFFFF	563
1873	#FFFFFF	769
1874	#FFFFFF	769
1875	#FFFFFF	769
1876	#FFFFFF	769
1877	#FFFFFF	769
1878	#FFFFFF	769
1879	#FFFFFF	769
1880	#FFFFFF	769
1881	#FFFFFF	217
1882	#FFFFFF	208
1883	#FFFFFF	217
1884	#FFFFFF	217
1885	#FFFFFF	103
1886	#FFFFFF	103
1887	#FFFFFF	217
1888	#FFFFFF	103
1889	#FFFFFF	103
1890	#FFFFFF	103
1891	#FFFFFF	103
1892	#FFFFFF	103
1893	#FFFFFF	208
1894	#FFFFFF	103
1895	#FFFFFF	103
1896	#FFFFFF	181
1897	#FFFFFF	181
1899	#FFFFFF	398
1901	#FFFFFF	181
1902	#FFFFFF	181
1903	#FFFFFF	181
1904	#FFFFFF	445
1905	#FFFFFF	181
1906	#FFFFFF	224
1907	#FFFFFF	224
1908	#FFFFFF	224
1909	#FFFFFF	224
1911	#FFFFFF	224
1912	#FFFFFF	230
1913	#FFFFFF	230
1914	#FFFFFF	713
1915	#FFFFFF	563
1916	#FFFFFF	563
1917	#FFFFFF	563
1918	#FFFFFF	563
1919	#FFFFFF	769
1921	#FFFFFF	208
1922	#FFFFFF	208
1923	#FFFFFF	769
1924	#FFFFFF	769
1925	#FFFFFF	769
1926	#FFFFFF	769
1927	#FFFFFF	769
1928	#FFFFFF	769
1929	#FFFFFF	769
1930	#FFFFFF	769
1931	#FFFFFF	769
1932	#FFFFFF	217
1933	#FFFFFF	208
1934	#FFFFFF	217
1935	#FFFFFF	103
1936	#FFFFFF	103
1937	#FFFFFF	103
1938	#FFFFFF	103
1939	#FFFFFF	103
1940	#FFFFFF	103
1941	#FFFFFF	103
1942	#FFFFFF	103
1943	#FFFFFF	103
1944	#FFFFFF	208
1945	#FFFFFF	103
1946	#FFFFFF	103
1947	#FFFFFF	181
1949	#FFFFFF	398
1950	#FFFFFF	398
1951	#FFFFFF	398
1952	#FFFFFF	181
1953	#FFFFFF	181
1954	#FFFFFF	181
1955	#FFFFFF	445
1956	#FFFFFF	181
1957	#FFFFFF	224
1958	#FFFFFF	224
1959	#FFFFFF	224
1960	#FFFFFF	398
1961	#FFFFFF	224
1962	#FFFFFF	230
1963	#FFFFFF	230
1964	#FFFFFF	230
1965	#FFFFFF	563
1966	#FFFFFF	563
1967	#FFFFFF	563
1968	#FFFFFF	563
1969	#FFFFFF	769
1971	#FFFFFF	610
1972	#FFFFFF	208
1973	#FFFFFF	769
1974	#FFFFFF	769
1975	#FFFFFF	769
1976	#FFFFFF	769
1977	#FFFFFF	769
1978	#FFFFFF	769
1979	#FFFFFF	769
1980	#FFFFFF	769
1981	#FFFFFF	769
1982	#FFFFFF	769
1983	#FFFFFF	208
1984	#FFFFFF	217
1985	#FFFFFF	103
1986	#FFFFFF	103
1987	#FFFFFF	103
1988	#FFFFFF	103
1989	#FFFFFF	103
1990	#FFFFFF	103
1991	#FFFFFF	103
1992	#FFFFFF	103
1993	#FFFFFF	103
1994	#FFFFFF	208
1995	#FFFFFF	103
1996	#FFFFFF	103
1997	#FFFFFF	103
1999	#FFFFFF	398
2000	#FFFFFF	181
2001	#FFFFFF	181
2002	#FFFFFF	398
2003	#FFFFFF	181
2004	#FFFFFF	181
2005	#FFFFFF	208
2006	#FFFFFF	181
2007	#FFFFFF	181
2008	#FFFFFF	224
2009	#FFFFFF	224
2010	#FFFFFF	398
2011	#FFFFFF	224
2012	#FFFFFF	224
2013	#FFFFFF	230
2014	#FFFFFF	230
2015	#FFFFFF	230
2016	#FFFFFF	445
2017	#FFFFFF	563
2018	#FFFFFF	563
2019	#FFFFFF	563
2020	#FFFFFF	563
2022	#FFFFFF	610
2023	#FFFFFF	208
2024	#FFFFFF	769
2025	#FFFFFF	769
2026	#FFFFFF	769
2027	#FFFFFF	769
2028	#FFFFFF	769
2029	#FFFFFF	769
2030	#FFFFFF	769
2031	#FFFFFF	769
2032	#FFFFFF	769
2033	#FFFFFF	217
2034	#FFFFFF	208
2035	#FFFFFF	103
2036	#FFFFFF	103
2037	#FFFFFF	103
2038	#FFFFFF	103
2039	#FFFFFF	103
2040	#FFFFFF	103
2041	#FFFFFF	103
2042	#FFFFFF	103
2043	#FFFFFF	103
2044	#FFFFFF	103
2045	#FFFFFF	208
2046	#FFFFFF	103
2047	#FFFFFF	103
2048	#FFFFFF	398
2049	#FFFFFF	181
2050	#FFFFFF	398
2051	#FFFFFF	181
2052	#FFFFFF	181
2053	#FFFFFF	181
2054	#FFFFFF	181
2055	#FFFFFF	181
2056	#FFFFFF	208
2057	#FFFFFF	181
2058	#FFFFFF	224
2059	#FFFFFF	224
2060	#FFFFFF	398
2061	#FFFFFF	224
2062	#FFFFFF	230
2063	#FFFFFF	230
2064	#FFFFFF	230
2065	#FFFFFF	230
2066	#FFFFFF	445
2067	#FFFFFF	563
2068	#FFFFFF	563
2069	#FFFFFF	563
2070	#FFFFFF	563
2072	#FFFFFF	610
2073	#FFFFFF	610
2074	#FFFFFF	563
2075	#FFFFFF	769
2076	#FFFFFF	769
2077	#FFFFFF	769
2078	#FFFFFF	769
2079	#FFFFFF	769
2080	#FFFFFF	769
2081	#FFFFFF	769
2082	#FFFFFF	769
2083	#FFFFFF	217
2084	#FFFFFF	208
2085	#FFFFFF	103
2086	#FFFFFF	103
2087	#FFFFFF	103
2088	#FFFFFF	103
2089	#FFFFFF	103
2090	#FFFFFF	103
2091	#FFFFFF	103
2092	#FFFFFF	103
2093	#FFFFFF	103
2094	#FFFFFF	103
2095	#FFFFFF	208
2096	#FFFFFF	103
2097	#FFFFFF	103
2098	#FFFFFF	398
2099	#FFFFFF	181
2100	#FFFFFF	181
2101	#FFFFFF	398
2102	#FFFFFF	181
2103	#FFFFFF	181
2104	#FFFFFF	181
2105	#FFFFFF	181
2106	#FFFFFF	208
2107	#FFFFFF	181
2108	#FFFFFF	181
2109	#FFFFFF	224
2110	#FFFFFF	398
2111	#FFFFFF	224
2112	#FFFFFF	230
2113	#FFFFFF	230
2114	#FFFFFF	230
2115	#FFFFFF	230
2116	#FFFFFF	230
2117	#FFFFFF	208
2118	#FFFFFF	445
2119	#FFFFFF	563
2120	#FFFFFF	563
2121	#FFFFFF	563
2123	#FFFFFF	610
2124	#FFFFFF	208
2125	#FFFFFF	563
2126	#FFFFFF	769
2127	#FFFFFF	769
2128	#FFFFFF	769
2129	#FFFFFF	769
2130	#FFFFFF	769
2131	#FFFFFF	769
2132	#FFFFFF	769
2133	#FFFFFF	217
2134	#FFFFFF	103
2135	#FFFFFF	208
2136	#FFFFFF	103
2137	#FFFFFF	103
2138	#FFFFFF	103
2139	#FFFFFF	103
2140	#FFFFFF	103
2141	#FFFFFF	103
2142	#FFFFFF	103
2143	#FFFFFF	103
2144	#FFFFFF	103
2145	#FFFFFF	103
2146	#FFFFFF	208
2147	#FFFFFF	103
2148	#FFFFFF	398
2149	#FFFFFF	181
2150	#FFFFFF	181
2151	#FFFFFF	181
2152	#FFFFFF	398
2153	#FFFFFF	181
2154	#FFFFFF	181
2155	#FFFFFF	181
2156	#FFFFFF	181
2157	#FFFFFF	208
2158	#FFFFFF	181
2159	#FFFFFF	181
2160	#FFFFFF	398
2161	#FFFFFF	230
2162	#FFFFFF	230
2163	#FFFFFF	230
2164	#FFFFFF	230
2165	#FFFFFF	230
2166	#FFFFFF	230
2167	#FFFFFF	208
2168	#FFFFFF	445
2169	#FFFFFF	563
2170	#FFFFFF	563
2171	#FFFFFF	563
2173	#FFFFFF	610
2174	#FFFFFF	208
2175	#FFFFFF	563
2176	#FFFFFF	563
2177	#FFFFFF	769
2178	#FFFFFF	769
2179	#FFFFFF	769
2180	#FFFFFF	769
2181	#FFFFFF	769
2182	#FFFFFF	769
2183	#FFFFFF	217
2184	#FFFFFF	103
2185	#FFFFFF	208
2186	#FFFFFF	103
2187	#FFFFFF	103
2188	#FFFFFF	103
2189	#FFFFFF	103
2190	#FFFFFF	103
2191	#FFFFFF	103
2192	#FFFFFF	103
2193	#FFFFFF	103
2194	#FFFFFF	103
2195	#FFFFFF	103
2196	#FFFFFF	208
2197	#FFFFFF	103
2199	#FFFFFF	181
2200	#FFFFFF	181
2201	#FFFFFF	103
2202	#FFFFFF	181
2203	#FFFFFF	181
2204	#FFFFFF	181
2205	#FFFFFF	181
2206	#FFFFFF	181
2207	#FFFFFF	208
2208	#FFFFFF	181
2209	#FFFFFF	181
2211	#FFFFFF	230
2212	#FFFFFF	230
2213	#FFFFFF	230
2214	#FFFFFF	230
2215	#FFFFFF	230
2216	#FFFFFF	230
2217	#FFFFFF	230
2218	#FFFFFF	208
2219	#FFFFFF	445
2220	#FFFFFF	445
2221	#FFFFFF	563
2222	#FFFFFF	563
2224	#FFFFFF	610
2225	#FFFFFF	208
2226	#FFFFFF	563
2227	#FFFFFF	563
2228	#FFFFFF	769
2229	#FFFFFF	769
2230	#FFFFFF	769
2231	#FFFFFF	769
2232	#FFFFFF	769
2233	#FFFFFF	217
2234	#FFFFFF	217
2235	#FFFFFF	103
2236	#FFFFFF	208
2237	#FFFFFF	103
2238	#FFFFFF	103
2239	#FFFFFF	103
2240	#FFFFFF	103
2241	#FFFFFF	103
2242	#FFFFFF	103
2243	#FFFFFF	103
2244	#FFFFFF	103
2245	#FFFFFF	103
2246	#FFFFFF	103
2247	#FFFFFF	208
2248	#FFFFFF	398
2249	#FFFFFF	181
2250	#FFFFFF	181
2251	#FFFFFF	103
2252	#FFFFFF	103
2253	#FFFFFF	181
2254	#FFFFFF	181
2255	#FFFFFF	181
2256	#FFFFFF	181
2257	#FFFFFF	181
2258	#FFFFFF	208
2259	#FFFFFF	181
2260	#FFFFFF	398
2261	#FFFFFF	181
2262	#FFFFFF	230
2263	#FFFFFF	230
2264	#FFFFFF	230
2265	#FFFFFF	230
2266	#FFFFFF	230
2267	#FFFFFF	230
2268	#FFFFFF	445
2269	#FFFFFF	445
2270	#FFFFFF	445
2271	#FFFFFF	563
2272	#FFFFFF	563
2274	#FFFFFF	351
2275	#FCE5EC	348
2276	#FFFFFF	44
2277	#FFFFFF	44
2278	#FFFFFF	44
2279	#FFFFFF	44
2280	#FFFFFF	44
2281	#FFFFFF	44
2282	#FFFFFF	44
2283	#FFFFFF	44
2284	#FFFFFF	102
2285	#FFFFFF	102
2286	#FEF4F7	404
2287	#FFFFFF	102
2288	#FFFFFF	102
2289	#FFFFFF	102
2290	#FFFFFF	102
2291	#FFFFFF	102
2292	#FFFFFF	102
2293	#FFFFFF	102
2294	#FFFFFF	102
2295	#FFFFFF	102
2296	#FFFFFF	102
2297	#FEF4F7	404
2298	#FFFFFF	102
2299	#FFFFFF	102
2300	#FFFFFF	102
2301	#FFFFFF	102
2302	#FFFFFF	102
2303	#FFFFFF	102
2304	#FFFFFF	102
2305	#FFFFFF	102
2306	#FFFFFF	102
2307	#FFFFFF	102
2308	#FEF4F7	404
2309	#FFFFFF	102
2310	#FFFFFF	102
2311	#FFFFFF	102
2312	#FFFFFF	102
2313	#FFFFFF	102
2314	#FFFFFF	102
2315	#FFFFFF	102
2316	#FFFFFF	102
2317	#FFFFFF	360
2318	#FFFFFF	360
2319	#FEF4F7	404
2320	#FFFFFF	44
2321	#FFFFFF	44
2322	#FFFFFF	44
2323	#FFFFFF	44
2325	#FFFFFF	351
2326	#FCE5EC	348
2327	#FFFFFF	44
2328	#FFFFFF	44
2329	#FFFFFF	44
2330	#FFFFFF	44
2331	#FFFFFF	44
2332	#FFFFFF	44
2333	#FFFFFF	44
2334	#FFFFFF	44
2335	#FFFFFF	102
2336	#FFFFFF	102
2337	#FEF4F7	404
2338	#FFFFFF	102
2339	#FFFFFF	102
2340	#FFFFFF	102
2341	#FFFFFF	102
2342	#FFFFFF	102
2343	#FFFFFF	102
2344	#FFFFFF	102
2345	#FFFFFF	102
2346	#FFFFFF	102
2347	#FFFFFF	102
2348	#FEF4F7	404
2349	#FFFFFF	102
2350	#FFFFFF	102
2351	#FFFFFF	102
2352	#FFFFFF	102
2353	#FFFFFF	102
2354	#FFFFFF	102
2355	#FFFFFF	102
2356	#FFFFFF	102
2357	#FFFFFF	102
2358	#FFFFFF	102
2359	#FEF4F7	404
2360	#FFFFFF	102
2361	#FFFFFF	102
2362	#FFFFFF	102
2363	#FFFFFF	102
2364	#FFFFFF	102
2365	#FFFFFF	102
2366	#FFFFFF	102
2367	#FFFFFF	360
2368	#FFFFFF	360
2369	#FEF4F7	404
2370	#FFFFFF	44
2371	#FEF4F7	404
2372	#FFFFFF	44
2373	#FFFFFF	44
2375	#FFFFFF	610
2376	#FFFFFF	610
2377	#FFFFFF	563
2378	#FFFFFF	563
2379	#FFFFFF	563
2380	#FFFFFF	769
2381	#FFFFFF	769
2382	#FFFFFF	769
2383	#FFFFFF	769
2384	#FFFFFF	769
2385	#FFFFFF	217
2386	#FFFFFF	217
2387	#FFFFFF	208
2388	#FFFFFF	103
2389	#FFFFFF	103
2390	#FFFFFF	103
2391	#FFFFFF	103
2392	#FFFFFF	105
2393	#FFFFFF	105
2394	#FFFFFF	105
2395	#FFFFFF	103
2396	#FFFFFF	103
2397	#FFFFFF	103
2398	#FFFFFF	208
2400	#FFFFFF	181
2401	#FFFFFF	181
2402	#FFFFFF	103
2403	#FFFFFF	103
2404	#FFFFFF	103
2405	#FFFFFF	181
2406	#FFFFFF	181
2407	#FFFFFF	181
2408	#FFFFFF	181
2409	#FFFFFF	208
2410	#FFFFFF	181
2411	#FFFFFF	398
2412	#FFFFFF	181
2413	#FFFFFF	230
2414	#FFFFFF	230
2415	#FFFFFF	230
2416	#FFFFFF	230
2417	#FFFFFF	230
2418	#FFFFFF	230
2419	#FFFFFF	230
2420	#FFFFFF	445
2421	#FFFFFF	445
2422	#FFFFFF	445
2423	#FFFFFF	563
2424	#FFFFFF	563
2426	#FFFFFF	610
2427	#FFFFFF	610
2428	#FFFFFF	563
2429	#FFFFFF	563
2430	#FFFFFF	563
2431	#FFFFFF	769
2432	#FFFFFF	769
2433	#FFFFFF	769
2434	#FFFFFF	769
2435	#FFFFFF	217
2436	#FFFFFF	217
2437	#FFFFFF	217
2438	#FFFFFF	208
2439	#FFFFFF	103
2440	#FFFFFF	103
2441	#FFFFFF	103
2442	#FFFFFF	105
2443	#FFFFFF	105
2444	#FFFFFF	105
2445	#FFFFFF	105
2446	#FFFFFF	103
2447	#FFFFFF	103
2448	#FFFFFF	398
2449	#FFFFFF	208
2450	#FFFFFF	103
2451	#FFFFFF	181
2452	#FFFFFF	103
2453	#FFFFFF	103
2454	#FFFFFF	103
2455	#FFFFFF	103
2456	#FFFFFF	181
2457	#FFFFFF	181
2458	#FFFFFF	181
2459	#FFFFFF	181
2460	#FFFFFF	445
2461	#FFFFFF	398
2462	#FFFFFF	181
2463	#FFFFFF	230
2464	#FFFFFF	29
2465	#FFFFFF	29
2466	#FFFFFF	230
2467	#FFFFFF	230
2468	#FFFFFF	230
2469	#FFFFFF	230
2470	#FFFFFF	445
2471	#FFFFFF	445
2472	#FFFFFF	563
2473	#FFFFFF	563
2474	#FFFFFF	563
2476	#FFFFFF	610
2477	#FFFFFF	610
2478	#FFFFFF	563
2479	#FFFFFF	563
2480	#FFFFFF	563
2481	#FFFFFF	563
2482	#FFFFFF	769
2483	#FFFFFF	769
2484	#FFFFFF	769
2485	#FFFFFF	217
2486	#FFFFFF	217
2487	#FFFFFF	217
2488	#FFFFFF	610
2489	#FFFFFF	103
2490	#FFFFFF	103
2491	#FFFFFF	103
2492	#FFFFFF	105
2493	#FFFFFF	105
2494	#FFFFFF	105
2495	#FFFFFF	105
2496	#FFFFFF	103
2497	#FFFFFF	103
2499	#FFFFFF	208
2500	#FFFFFF	103
2501	#FFFFFF	103
2502	#FFFFFF	103
2503	#FFFFFF	103
2504	#FFFFFF	103
2505	#FFFFFF	103
2506	#FFFFFF	103
2507	#FFFFFF	181
2508	#FFFFFF	181
2509	#FFFFFF	181
2510	#FFFFFF	445
2511	#FFFFFF	398
2512	#FFFFFF	181
2513	#FFFFFF	230
2514	#FFFFFF	29
2515	#FFFFFF	29
2516	#FFFFFF	230
2517	#FFFFFF	230
2518	#FFFFFF	230
2519	#FFFFFF	230
2520	#FFFFFF	230
2521	#FFFFFF	445
2522	#FFFFFF	445
2523	#FFFFFF	563
2524	#FFFFFF	563
2525	#FFFFFF	563
2527	#FFFFFF	610
2528	#FFFFFF	610
2529	#FFFFFF	563
2530	#FFFFFF	563
2531	#FFFFFF	563
2532	#FFFFFF	769
2533	#FFFFFF	769
2534	#FFFFFF	769
2535	#FFFFFF	217
2536	#FFFFFF	217
2537	#FFFFFF	217
2538	#FFFFFF	103
2539	#FFFFFF	208
2540	#FFFFFF	103
2541	#FFFFFF	103
2542	#FFFFFF	103
2543	#FFFFFF	103
2544	#FFFFFF	105
2545	#FFFFFF	105
2546	#FFFFFF	398
2547	#FFFFFF	398
2549	#FFFFFF	398
2550	#FFFFFF	445
2551	#FFFFFF	398
2552	#FFFFFF	103
2553	#FFFFFF	103
2554	#FFFFFF	103
2555	#FFFFFF	103
2556	#FFFFFF	103
2557	#FFFFFF	103
2558	#FFFFFF	181
2559	#FFFFFF	181
2560	#FFFFFF	398
2561	#FFFFFF	445
2562	#FFFFFF	181
2563	#FFFFFF	230
2564	#FFFFFF	29
2565	#FFFFFF	29
2566	#FFFFFF	29
2567	#FFFFFF	230
2568	#FFFFFF	230
2569	#FFFFFF	230
2570	#FFFFFF	230
2571	#FFFFFF	445
2572	#FFFFFF	563
2573	#FFFFFF	563
2574	#FFFFFF	563
2575	#FFFFFF	563
2577	#FFFFFF	610
2578	#FFFFFF	610
2579	#FFFFFF	563
2580	#FFFFFF	563
2581	#FFFFFF	563
2582	#FFFFFF	769
2583	#FFFFFF	769
2584	#FFFFFF	769
2585	#FFFFFF	769
2586	#FFFFFF	217
2587	#FFFFFF	217
2588	#FFFFFF	103
2589	#FFFFFF	208
2590	#FFFFFF	103
2591	#FFFFFF	103
2592	#FFFFFF	103
2593	#FFFFFF	103
2594	#FFFFFF	103
2595	#FFFFFF	105
2596	#FFFFFF	105
2597	#FFFFFF	398
2599	#FFFFFF	398
2600	#FFFFFF	208
2601	#FFFFFF	398
2602	#FFFFFF	103
2603	#FFFFFF	103
2604	#FFFFFF	103
2605	#FFFFFF	103
2606	#FFFFFF	103
2607	#FFFFFF	103
2608	#FFFFFF	103
2609	#FFFFFF	181
2610	#FFFFFF	398
2611	#FFFFFF	445
2612	#FFFFFF	181
2613	#FFFFFF	230
2614	#FFFFFF	29
2615	#FFFFFF	29
2616	#FFFFFF	29
2617	#FFFFFF	29
2618	#FFFFFF	230
2619	#FFFFFF	230
2620	#FFFFFF	230
2621	#FFFFFF	230
2622	#FFFFFF	445
2623	#FFFFFF	563
2624	#FFFFFF	563
2625	#FFFFFF	563
2626	#FFFFFF	563
2628	#FFFFFF	610
2629	#FFFFFF	208
2630	#FFFFFF	563
2631	#FFFFFF	563
2632	#FFFFFF	769
2633	#FFFFFF	769
2634	#FFFFFF	769
2635	#FFFFFF	217
2636	#FFFFFF	217
2637	#FFFFFF	217
2638	#FFFFFF	103
2639	#FFFFFF	103
2640	#FFFFFF	208
2641	#FFFFFF	103
2642	#FFFFFF	103
2643	#FFFFFF	103
2644	#FFFFFF	103
2645	#FFFFFF	105
2646	#FFFFFF	105
2647	#FFFFFF	398
2649	#FFFFFF	398
2650	#FFFFFF	398
2651	#FFFFFF	208
2652	#FFFFFF	398
2653	#FFFFFF	103
2654	#FFFFFF	103
2655	#FFFFFF	103
2656	#FFFFFF	103
2657	#FFFFFF	103
2658	#FFFFFF	103
2659	#FFFFFF	103
2660	#FFFFFF	398
2661	#FFFFFF	181
2662	#FFFFFF	445
2663	#FFFFFF	230
2664	#FFFFFF	29
2665	#FFFFFF	29
2666	#FFFFFF	29
2667	#FFFFFF	29
2668	#FFFFFF	29
2669	#FFFFFF	230
2670	#FFFFFF	230
2671	#FFFFFF	230
2672	#FFFFFF	563
2673	#FFFFFF	563
2674	#FFFFFF	563
2675	#FFFFFF	563
2676	#FFFFFF	563
2678	#FFFFFF	610
2679	#FFFFFF	208
2680	#FFFFFF	563
2681	#FFFFFF	563
2682	#FFFFFF	563
2683	#FFFFFF	769
2684	#FFFFFF	769
2685	#FFFFFF	217
2686	#FFFFFF	217
2687	#FFFFFF	217
2688	#FFFFFF	789
2689	#FFFFFF	103
2690	#FFFFFF	208
2691	#FFFFFF	103
2692	#FFFFFF	103
2693	#FFFFFF	103
2694	#FFFFFF	105
2695	#FFFFFF	105
2696	#FFFFFF	105
2697	#FFFFFF	398
2699	#FFFFFF	398
2700	#FFFFFF	398
2701	#FFFFFF	208
2702	#FFFFFF	398
2703	#FFFFFF	103
2704	#FFFFFF	103
2705	#FFFFFF	103
2706	#FFFFFF	103
2707	#FFFFFF	103
2708	#FFFFFF	103
2709	#FFFFFF	103
2711	#FFFFFF	181
2712	#FFFFFF	445
2713	#FFFFFF	230
2714	#FFFFFF	29
2715	#FFFFFF	29
2716	#FFFFFF	29
2717	#FFFFFF	29
2718	#FFFFFF	29
2719	#FFFFFF	230
2720	#FFFFFF	230
2721	#FFFFFF	230
2722	#FFFFFF	230
2723	#FFFFFF	563
2724	#FFFFFF	563
2725	#FFFFFF	563
2726	#FFFFFF	563
2727	#FFFFFF	563
2729	#FFFFFF	610
2730	#FFFFFF	208
2731	#FFFFFF	563
2732	#FFFFFF	563
2733	#FFFFFF	769
2734	#FFFFFF	769
2735	#FFFFFF	217
2736	#FFFFFF	217
2737	#FFFFFF	217
2738	#FFFFFF	789
2739	#FFFFFF	789
2740	#FFFFFF	789
2741	#FFFFFF	208
2742	#FFFFFF	103
2743	#FFFFFF	103
2744	#FFFFFF	103
2745	#FFFFFF	105
2746	#FFFFFF	105
2747	#FFFFFF	105
2748	#FFFFFF	398
2749	#FFFFFF	398
2750	#FFFFFF	398
2751	#FFFFFF	398
2752	#FFFFFF	445
2753	#FFFFFF	398
2754	#FFFFFF	103
2755	#FFFFFF	103
2756	#FFFFFF	103
2757	#FFFFFF	103
2758	#FFFFFF	103
2759	#FFFFFF	103
2761	#FFFFFF	29
2762	#FFFFFF	181
2763	#FFFFFF	445
2764	#FFFFFF	29
2765	#FFFFFF	29
2766	#FFFFFF	29
2767	#FFFFFF	29
2768	#FFFFFF	29
2769	#FFFFFF	29
2770	#FFFFFF	230
2771	#FFFFFF	230
2772	#FFFFFF	230
2773	#FFFFFF	445
2774	#FFFFFF	563
2775	#FFFFFF	563
2776	#FFFFFF	563
2777	#FFFFFF	563
2779	#FFFFFF	610
2780	#FFFFFF	208
2781	#FFFFFF	563
2782	#FFFFFF	563
2783	#FFFFFF	769
2784	#FFFFFF	769
2785	#FFFFFF	217
2786	#FFFFFF	217
2787	#FFFFFF	217
2788	#FFFFFF	789
2789	#FFFFFF	789
2790	#FFFFFF	789
2791	#FFFFFF	208
2792	#FFFFFF	103
2793	#FFFFFF	103
2794	#FFFFFF	103
2795	#FFFFFF	103
2796	#FFFFFF	103
2797	#FFFFFF	105
2799	#FFFFFF	398
2800	#FFFFFF	398
2801	#FFFFFF	398
2802	#FFFFFF	445
2803	#FFFFFF	398
2804	#FFFFFF	398
2805	#FFFFFF	103
2806	#FFFFFF	103
2807	#FFFFFF	103
2808	#FFFFFF	103
2809	#FFFFFF	103
2810	#FFFFFF	398
2811	#FFFFFF	103
2812	#FFFFFF	29
2813	#FFFFFF	445
2814	#FFFFFF	29
2815	#FFFFFF	29
2816	#FFFFFF	29
2817	#FFFFFF	29
2818	#FFFFFF	29
2819	#FFFFFF	29
2820	#FFFFFF	230
2821	#FFFFFF	230
2822	#FFFFFF	230
2823	#FFFFFF	230
2824	#FFFFFF	445
2825	#FFFFFF	445
2826	#FFFFFF	563
2827	#FFFFFF	563
2828	#FFFFFF	563
2830	#FFFFFF	208
2831	#FFFFFF	208
2832	#FFFFFF	563
2833	#FFFFFF	563
2834	#FFFFFF	769
2835	#FFFFFF	217
2836	#FFFFFF	217
2837	#FFFFFF	217
2838	#FFFFFF	789
2839	#FFFFFF	789
2840	#FFFFFF	789
2841	#FFFFFF	789
2842	#FFFFFF	445
2843	#FFFFFF	103
2844	#FFFFFF	103
2845	#FFFFFF	103
2846	#FFFFFF	103
2847	#FFFFFF	105
2849	#FFFFFF	398
2850	#FFFFFF	398
2851	#FFFFFF	398
2852	#FFFFFF	398
2853	#FFFFFF	445
2854	#FFFFFF	398
2855	#FFFFFF	398
2856	#FFFFFF	103
2857	#FFFFFF	103
2858	#FFFFFF	103
2859	#FFFFFF	103
2860	#FFFFFF	398
2861	#FFFFFF	103
2862	#FFFFFF	29
2863	#FFFFFF	29
2864	#FFFFFF	445
2865	#FFFFFF	29
2866	#FFFFFF	29
2867	#FFFFFF	29
2868	#FFFFFF	29
2869	#FFFFFF	29
2870	#FFFFFF	29
2871	#FFFFFF	29
2872	#FFFFFF	230
2873	#FFFFFF	230
2874	#FFFFFF	445
2875	#FFFFFF	563
2876	#FFFFFF	563
2877	#FFFFFF	563
2878	#FFFFFF	563
2880	#FFFFFF	208
2881	#FFFFFF	208
2882	#FFFFFF	563
2883	#FFFFFF	563
2884	#FFFFFF	563
2885	#FFFFFF	217
2886	#FFFFFF	217
2887	#FFFFFF	217
2888	#FFFFFF	789
2889	#FFFFFF	789
2890	#FFFFFF	789
2891	#FFFFFF	789
2892	#FFFFFF	445
2893	#FFFFFF	789
2894	#FFFFFF	103
2895	#FFFFFF	105
2896	#FFFFFF	103
2897	#FFFFFF	105
2899	#FFFFFF	105
2901	#FFFFFF	398
2902	#FFFFFF	398
2903	#FFFFFF	445
2904	#FFFFFF	398
2905	#FFFFFF	398
2906	#FFFFFF	103
2907	#FFFFFF	103
2908	#FFFFFF	103
2909	#FFFFFF	103
2910	#FFFFFF	398
2911	#FFFFFF	103
2912	#FFFFFF	29
2913	#FFFFFF	29
2914	#FFFFFF	445
2915	#FFFFFF	230
2916	#FFFFFF	29
2917	#FFFFFF	29
2918	#FFFFFF	230
2919	#FFFFFF	29
2920	#FFFFFF	29
2921	#FFFFFF	29
2922	#FFFFFF	230
2923	#FFFFFF	230
2924	#FFFFFF	230
2925	#FFFFFF	445
2926	#FFFFFF	563
2927	#FFFFFF	563
2928	#FFFFFF	563
2929	#FFFFFF	563
2931	#FFFFFF	208
2932	#FFFFFF	208
2933	#FFFFFF	563
2934	#FFFFFF	563
2935	#FFFFFF	217
2936	#FFFFFF	217
2937	#FFFFFF	217
2938	#FFFFFF	789
2939	#FFFFFF	789
2940	#FFFFFF	789
2941	#FFFFFF	103
2942	#FFFFFF	789
2943	#FFFFFF	445
2944	#FFFFFF	103
2945	#FFFFFF	105
2946	#FFFFFF	103
2947	#FFFFFF	105
2948	#FFFFFF	398
2949	#FFFFFF	105
2950	#FFFFFF	398
2951	#FFFFFF	398
2952	#FFFFFF	398
2953	#FFFFFF	398
2954	#FFFFFF	445
2955	#FFFFFF	398
2956	#FFFFFF	105
2957	#FFFFFF	105
2958	#FFFFFF	103
2959	#FFFFFF	103
2960	#FFFFFF	398
2961	#FFFFFF	103
2962	#FFFFFF	29
2963	#FFFFFF	29
2964	#FFFFFF	29
2965	#FFFFFF	445
2966	#FFFFFF	230
2967	#FFFFFF	29
2968	#FFFFFF	230
2969	#FFFFFF	29
2970	#FFFFFF	29
2971	#FFFFFF	29
2972	#FFFFFF	230
2973	#FFFFFF	370
2974	#FFFFFF	370
2975	#FFFFFF	563
2976	#FFFFFF	563
2977	#FFFFFF	563
2978	#FFFFFF	563
2979	#FFFFFF	563
2981	#FFFFFF	208
2982	#FFFFFF	208
2983	#FFFFFF	563
2984	#FFFFFF	217
2985	#FFFFFF	217
2986	#FFFFFF	217
2987	#FFFFFF	217
2988	#FFFFFF	789
2989	#FFFFFF	789
2990	#FFFFFF	789
2991	#FFFFFF	103
2992	#FFFFFF	103
2993	#FFFFFF	208
2994	#FFFFFF	103
2995	#FFFFFF	105
2996	#FFFFFF	105
2997	#FFFFFF	105
2999	#FFFFFF	105
3000	#FFFFFF	398
3001	#FFFFFF	398
3002	#FFFFFF	398
3003	#FFFFFF	398
3004	#FFFFFF	445
3005	#FFFFFF	398
3006	#FFFFFF	105
3007	#FFFFFF	105
3008	#FFFFFF	103
3009	#FFFFFF	103
3010	#FFFFFF	398
3011	#FFFFFF	29
3012	#FFFFFF	29
3013	#FFFFFF	29
3014	#FFFFFF	230
3015	#FFFFFF	445
3016	#FFFFFF	230
3017	#FFFFFF	230
3018	#FFFFFF	230
3019	#FFFFFF	230
3020	#FFFFFF	230
3021	#FFFFFF	29
3022	#FFFFFF	230
3023	#FFFFFF	370
3024	#FFFFFF	370
3025	#FFFFFF	370
3026	#FFFFFF	563
3027	#FFFFFF	563
3028	#FFFFFF	563
3029	#FFFFFF	563
3030	#FFFFFF	563
3032	#FFFFFF	208
3033	#FFFFFF	208
3034	#FFFFFF	563
3035	#FFFFFF	217
3036	#FFFFFF	217
3037	#FFFFFF	217
3038	#FFFFFF	789
3039	#FFFFFF	789
3040	#FFFFFF	789
3041	#FFFFFF	103
3042	#FFFFFF	103
3043	#FFFFFF	103
3044	#FFFFFF	208
3045	#FFFFFF	103
3046	#FFFFFF	105
3047	#FFFFFF	105
3048	#FFFFFF	398
3049	#FFFFFF	105
3050	#FFFFFF	398
3051	#FFFFFF	398
3052	#FFFFFF	398
3053	#FFFFFF	398
3054	#FFFFFF	105
3055	#FFFFFF	445
3056	#FFFFFF	398
3057	#FFFFFF	105
3058	#FFFFFF	105
3059	#FFFFFF	103
3060	#FFFFFF	398
3061	#FFFFFF	29
3062	#FFFFFF	29
3063	#FFFFFF	29
3064	#FFFFFF	29
3065	#FFFFFF	230
3066	#FFFFFF	563
3067	#FFFFFF	230
3068	#FFFFFF	230
3069	#FFFFFF	230
3070	#FFFFFF	230
3071	#FFFFFF	230
3072	#FFFFFF	230
3073	#FFFFFF	370
3074	#FFFFFF	230
3075	#FFFFFF	370
3076	#FFFFFF	563
3077	#FFFFFF	563
3078	#FFFFFF	563
3079	#FFFFFF	563
3080	#FFFFFF	563
3082	#FFFFFF	189
3083	#FFFFFF	208
3084	#FFFFFF	563
3085	#FFFFFF	217
3086	#FFFFFF	217
3087	#FFFFFF	217
3088	#FFFFFF	789
3089	#FFFFFF	789
3090	#FFFFFF	789
3091	#FFFFFF	103
3092	#FFFFFF	103
3093	#FFFFFF	103
3094	#FFFFFF	208
3095	#FFFFFF	103
3096	#FFFFFF	103
3097	#FFFFFF	105
3098	#FFFFFF	398
3099	#FFFFFF	105
3100	#FFFFFF	398
3101	#FFFFFF	105
3102	#FFFFFF	398
3103	#FFFFFF	398
3104	#FFFFFF	105
3105	#FFFFFF	208
3106	#FFFFFF	105
3107	#FFFFFF	398
3108	#FFFFFF	105
3109	#FFFFFF	105
3110	#FFFFFF	398
3111	#FFFFFF	103
3112	#FFFFFF	29
3113	#FFFFFF	29
3114	#FFFFFF	29
3115	#FFFFFF	230
3116	#FFFFFF	563
3117	#FFFFFF	230
3118	#FFFFFF	230
3119	#FFFFFF	230
3120	#FFFFFF	230
3121	#FFFFFF	230
3122	#FFFFFF	230
3123	#FFFFFF	370
3124	#FFFFFF	370
3125	#FFFFFF	230
3126	#FFFFFF	370
3127	#FFFFFF	563
3128	#FFFFFF	563
3129	#FFFFFF	563
3130	#FFFFFF	563
3131	#FFFFFF	563
3133	#FFFFFF	189
3134	#FFFFFF	208
3135	#FFFFFF	217
3136	#FFFFFF	217
3137	#FFFFFF	217
3138	#FFFFFF	789
3139	#FFFFFF	789
3140	#FFFFFF	789
3141	#FFFFFF	103
3142	#FFFFFF	103
3143	#FFFFFF	103
3144	#FFFFFF	103
3145	#FFFFFF	208
3146	#FFFFFF	103
3147	#FFFFFF	105
3148	#FFFFFF	398
3149	#FFFFFF	105
3150	#FFFFFF	398
3151	#FFFFFF	105
3152	#FFFFFF	105
3153	#FFFFFF	398
3154	#FFFFFF	105
3155	#FFFFFF	105
3156	#FFFFFF	208
3157	#FFFFFF	398
3158	#FFFFFF	105
3159	#FFFFFF	105
3160	#FFFFFF	398
3161	#FFFFFF	103
3162	#FFFFFF	29
3163	#FFFFFF	29
3164	#FFFFFF	29
3165	#FFFFFF	29
3166	#FFFFFF	230
3167	#FFFFFF	563
3168	#FFFFFF	230
3169	#FFFFFF	230
3170	#FFFFFF	230
3171	#FFFFFF	230
3172	#FFFFFF	230
3173	#FFFFFF	370
3174	#FFFFFF	370
3175	#FFFFFF	230
3176	#FFFFFF	230
3177	#FFFFFF	563
3178	#FFFFFF	563
3179	#FFFFFF	563
3180	#FFFFFF	563
3181	#FFFFFF	563
3183	#FFFFFF	189
3184	#FFFFFF	189
3185	#FFFFFF	217
3186	#FFFFFF	217
3187	#FFFFFF	217
3188	#FFFFFF	789
3189	#FFFFFF	789
3190	#FFFFFF	789
3191	#FFFFFF	103
3192	#FFFFFF	103
3193	#FFFFFF	103
3194	#FFFFFF	103
3195	#FFFFFF	208
3196	#FFFFFF	105
3197	#FFFFFF	105
3198	#FFFFFF	398
3199	#FFFFFF	105
3200	#FFFFFF	105
3201	#FFFFFF	105
3202	#FFFFFF	105
3203	#FFFFFF	105
3204	#FFFFFF	105
3205	#FFFFFF	105
3206	#FFFFFF	208
3207	#FFFFFF	105
3208	#FFFFFF	105
3209	#FFFFFF	105
3211	#FFFFFF	103
3212	#FFFFFF	29
3213	#FFFFFF	29
3214	#FFFFFF	29
3215	#FFFFFF	29
3216	#FFFFFF	29
3217	#FFFFFF	208
3218	#FFFFFF	230
3219	#FFFFFF	230
3220	#FFFFFF	230
3221	#FFFFFF	230
3222	#FFFFFF	230
3223	#FFFFFF	370
3224	#FFFFFF	370
3225	#FFFFFF	230
3226	#FFFFFF	230
3227	#FFFFFF	370
3228	#FFFFFF	563
3229	#FFFFFF	563
3230	#FFFFFF	563
3231	#FFFFFF	563
3232	#FFFFFF	563
3234	#FFFFFF	189
3235	#FFFFFF	189
3236	#FFFFFF	217
3237	#FFFFFF	217
3238	#FFFFFF	789
3239	#FFFFFF	789
3240	#FFFFFF	789
3241	#FFFFFF	789
3242	#FFFFFF	103
3243	#FFFFFF	103
3244	#FFFFFF	103
3245	#FFFFFF	103
3246	#FFFFFF	208
3247	#FFFFFF	105
3248	#FFFFFF	398
3249	#FFFFFF	105
3250	#FFFFFF	105
3251	#FFFFFF	105
3252	#FFFFFF	105
3253	#FFFFFF	105
3254	#FFFFFF	105
3255	#FFFFFF	105
3256	#FFFFFF	105
3257	#FFFFFF	208
3258	#FFFFFF	105
3259	#FFFFFF	105
3260	#FFFFFF	398
3261	#FFFFFF	103
3262	#FFFFFF	29
3263	#FFFFFF	29
3264	#FFFFFF	29
3265	#FFFFFF	29
3266	#FFFFFF	230
3267	#FFFFFF	230
3268	#FFFFFF	208
3269	#FFFFFF	230
3270	#FFFFFF	230
3271	#FFFFFF	230
3272	#FFFFFF	230
3273	#FFFFFF	370
3274	#FFFFFF	230
3275	#FFFFFF	230
3276	#FFFFFF	230
3277	#FFFFFF	370
3278	#FFFFFF	563
3279	#FFFFFF	563
3280	#FFFFFF	563
3281	#FFFFFF	563
3282	#FFFFFF	563
3284	#FFFFFF	189
3285	#FFFFFF	189
3286	#FFFFFF	217
3287	#FFFFFF	217
3288	#FFFFFF	789
3289	#FFFFFF	789
3290	#FFFFFF	789
3291	#FFFFFF	789
3292	#FFFFFF	103
3293	#FFFFFF	103
3294	#FFFFFF	103
3295	#FFFFFF	105
3296	#FFFFFF	208
3297	#FFFFFF	105
3298	#FFFFFF	398
3299	#FFFFFF	105
3300	#FFFFFF	105
3301	#FFFFFF	105
3302	#FFFFFF	105
3303	#FFFFFF	105
3304	#FFFFFF	105
3305	#FFFFFF	105
3306	#FFFFFF	105
3307	#FFFFFF	208
3308	#FFFFFF	105
3309	#FFFFFF	105
3310	#FFFFFF	398
3311	#FFFFFF	103
3312	#FFFFFF	29
3313	#FFFFFF	29
3314	#FFFFFF	29
3315	#FFFFFF	29
3316	#FFFFFF	29
3317	#FFFFFF	230
3318	#FFFFFF	208
3319	#FFFFFF	230
3320	#FFFFFF	230
3321	#FFFFFF	230
3322	#FFFFFF	230
3323	#FFFFFF	230
3324	#FFFFFF	230
3325	#FFFFFF	230
3326	#FFFFFF	230
3327	#FFFFFF	230
3328	#FFFFFF	370
3329	#FFFFFF	208
3330	#FFFFFF	563
3331	#FFFFFF	563
3332	#FFFFFF	563
3333	#FFFFFF	563
3335	#FFFFFF	189
3336	#FFFFFF	208
3337	#FFFFFF	217
3338	#FFFFFF	789
3339	#FFFFFF	789
3340	#FFFFFF	789
3341	#FFFFFF	789
3342	#FFFFFF	789
3343	#FFFFFF	103
3344	#FFFFFF	103
3345	#FFFFFF	103
3346	#FFFFFF	105
3347	#FFFFFF	208
3348	#FFFFFF	398
3349	#FFFFFF	398
3350	#FFFFFF	398
3351	#FFFFFF	105
3352	#FFFFFF	105
3353	#FFFFFF	105
3354	#FFFFFF	105
3355	#FFFFFF	105
3356	#FFFFFF	105
3357	#FFFFFF	105
3358	#FFFFFF	208
3359	#FFFFFF	105
3360	#FFFFFF	398
3361	#FFFFFF	103
3362	#FFFFFF	29
3363	#FFFFFF	29
3364	#FFFFFF	29
3365	#FFFFFF	29
3366	#FFFFFF	29
3367	#FFFFFF	230
3368	#FFFFFF	230
3369	#FFFFFF	208
3370	#FFFFFF	230
3371	#FFFFFF	230
3372	#FFFFFF	230
3373	#FFFFFF	230
3374	#FFFFFF	230
3375	#FFFFFF	230
3376	#FFFFFF	230
3377	#FFFFFF	230
3378	#FFFFFF	370
3379	#FFFFFF	208
3380	#FFFFFF	563
3381	#FFFFFF	563
3382	#FFFFFF	563
3383	#FFFFFF	217
3385	#FFFFFF	351
3386	#FCE5EC	348
3387	#FFFFFF	44
3388	#FFFFFF	44
3389	#FFFFFF	44
3390	#FFFFFF	44
3391	#FFFFFF	44
3392	#FFFFFF	44
3393	#FFFFFF	44
3394	#FFFFFF	44
3395	#FFFFFF	44
3396	#FFFFFF	102
3397	#FCE5EC	348
3398	#FFFFFF	102
3399	#FFFFFF	102
3400	#FFFFFF	102
3401	#FFFFFF	102
3402	#FFFFFF	102
3403	#FFFFFF	102
3404	#FFFFFF	102
3405	#FFFFFF	102
3406	#FFFFFF	102
3407	#FFFFFF	102
3408	#FEF4F7	404
3409	#FFFFFF	102
3410	#FFFFFF	102
3411	#FFFFFF	102
3412	#FFFFFF	102
3413	#FFFFFF	102
3414	#FFFFFF	102
3415	#FFFFFF	102
3416	#FFFFFF	102
3417	#FFFFFF	102
3418	#FFFFFF	102
3419	#FEF4F7	404
3420	#FFFFFF	102
3421	#FFFFFF	102
3422	#FFFFFF	102
3423	#FFFFFF	102
3424	#FFFFFF	102
3425	#FFFFFF	102
3426	#FFFFFF	102
3427	#FFFFFF	360
3428	#FFFFFF	360
3429	#FFFFFF	360
3430	#FEF4F7	404
3431	#FEF4F7	404
3432	#FEF4F7	404
3433	#FFFFFF	44
3434	#FFFFFF	44
3436	#FFFFFF	351
3437	#FCE5EC	348
3438	#FFFFFF	44
3439	#FFFFFF	44
3440	#FFFFFF	44
3441	#FFFFFF	44
3442	#FFFFFF	44
3443	#FFFFFF	44
3444	#FFFFFF	44
3445	#FFFFFF	44
3446	#FFFFFF	44
3447	#FFFFFF	102
3448	#FCE5EC	348
3449	#FFFFFF	102
3450	#FFFFFF	102
3451	#FFFFFF	102
3452	#FFFFFF	102
3453	#FFFFFF	102
3454	#FFFFFF	102
3455	#FFFFFF	102
3456	#FFFFFF	102
3457	#FFFFFF	102
3458	#FFFFFF	102
3459	#FEF4F7	404
3460	#FFFFFF	102
3461	#FFFFFF	102
3462	#FFFFFF	102
3463	#FFFFFF	102
3464	#FFFFFF	102
3465	#FFFFFF	102
3466	#FFFFFF	102
3467	#FFFFFF	102
3468	#FFFFFF	102
3469	#FFFFFF	102
3470	#FEF4F7	404
3471	#FFFFFF	102
3472	#FFFFFF	102
3473	#FFFFFF	102
3474	#FFFFFF	102
3475	#FFFFFF	102
3476	#FFFFFF	102
3477	#FFFFFF	360
3478	#FFFFFF	360
3479	#FFFFFF	360
3480	#FEF4F7	404
3481	#FEF4F7	404
3482	#FFFFFF	44
3483	#FFFFFF	44
3484	#FFFFFF	44
3486	#FFFFFF	189
3487	#FFFFFF	208
3488	#FFFFFF	217
3489	#FFFFFF	789
3490	#FFFFFF	789
3491	#FFFFFF	789
3492	#FFFFFF	789
3493	#FFFFFF	789
3494	#FFFFFF	103
3495	#FFFFFF	103
3496	#FFFFFF	103
3497	#FFFFFF	398
3498	#FFFFFF	208
3499	#FFFFFF	398
3500	#FFFFFF	398
3501	#FFFFFF	398
3502	#FFFFFF	398
3503	#FFFFFF	105
3504	#FFFFFF	105
3505	#FFFFFF	105
3506	#FFFFFF	105
3507	#FFFFFF	105
3508	#FFFFFF	105
3509	#FFFFFF	208
3510	#FFFFFF	105
3511	#FFFFFF	398
3512	#FFFFFF	103
3513	#FFFFFF	29
3514	#FFFFFF	29
3515	#FFFFFF	29
3516	#FFFFFF	29
3517	#FFFFFF	29
3518	#FFFFFF	29
3519	#FFFFFF	29
3520	#FFFFFF	208
3521	#FFFFFF	230
3522	#FFFFFF	230
3523	#FFFFFF	230
3524	#FFFFFF	230
3525	#FFFFFF	230
3526	#FFFFFF	230
3527	#FFFFFF	230
3528	#FFFFFF	230
3529	#FFFFFF	370
3530	#FFFFFF	302
3531	#FFFFFF	208
3532	#FFFFFF	208
3533	#FFFFFF	563
3534	#FFFFFF	563
3535	#FFFFFF	563
3537	#FFFFFF	189
3538	#FFFFFF	208
3539	#FFFFFF	217
3540	#FFFFFF	217
3541	#FFFFFF	789
3542	#FFFFFF	789
3543	#FFFFFF	789
3544	#FFFFFF	789
3545	#FFFFFF	103
3546	#FFFFFF	103
3547	#FFFFFF	103
3548	#FFFFFF	398
3549	#FFFFFF	208
3550	#FFFFFF	398
3551	#FFFFFF	398
3552	#FFFFFF	398
3553	#FFFFFF	105
3554	#FFFFFF	105
3555	#FFFFFF	105
3556	#FFFFFF	105
3557	#FFFFFF	105
3558	#FFFFFF	105
3559	#FFFFFF	105
3560	#FFFFFF	208
3561	#FFFFFF	398
3562	#FFFFFF	103
3563	#FFFFFF	29
3564	#FFFFFF	29
3565	#FFFFFF	29
3566	#FFFFFF	29
3567	#FFFFFF	29
3568	#FFFFFF	29
3569	#FFFFFF	29
3570	#FFFFFF	230
3571	#FFFFFF	208
3572	#FFFFFF	230
3573	#FFFFFF	230
3574	#FFFFFF	230
3575	#FFFFFF	230
3576	#FFFFFF	230
3577	#FFFFFF	230
3578	#FFFFFF	230
3579	#FFFFFF	370
3580	#FFFFFF	370
3581	#FFFFFF	208
3582	#FFFFFF	208
3583	#FFFFFF	563
3584	#FFFFFF	563
3585	#FFFFFF	217
3587	#FFFFFF	189
3588	#FFFFFF	208
3589	#FFFFFF	217
3590	#FFFFFF	217
3591	#FFFFFF	217
3592	#FFFFFF	789
3593	#FFFFFF	789
3594	#FFFFFF	789
3595	#FFFFFF	103
3596	#FFFFFF	103
3597	#FFFFFF	103
3598	#FFFFFF	398
3599	#FFFFFF	208
3600	#FFFFFF	398
3601	#FFFFFF	398
3602	#FFFFFF	398
3603	#FFFFFF	105
3604	#FFFFFF	105
3605	#FFFFFF	105
3606	#FFFFFF	105
3607	#FFFFFF	105
3608	#FFFFFF	105
3609	#FFFFFF	105
3610	#FFFFFF	208
3611	#FFFFFF	398
3612	#FFFFFF	103
3613	#FFFFFF	29
3614	#FFFFFF	29
3615	#FFFFFF	29
3616	#FFFFFF	29
3617	#FFFFFF	29
3618	#FFFFFF	29
3619	#FFFFFF	29
3620	#FFFFFF	230
3621	#FFFFFF	208
3622	#FFFFFF	230
3623	#FFFFFF	230
3624	#FFFFFF	230
3625	#FFFFFF	230
3626	#FFFFFF	230
3627	#FFFFFF	230
3628	#FFFFFF	230
3629	#FFFFFF	230
3630	#FFFFFF	370
3631	#FFFFFF	370
3632	#FFFFFF	208
3633	#FFFFFF	208
3634	#FFFFFF	563
3635	#FFFFFF	563
3636	#FFFFFF	563
3638	#FFFFFF	189
3639	#FFFFFF	208
3640	#FFFFFF	217
3641	#FFFFFF	789
3642	#FFFFFF	789
3643	#FFFFFF	789
3644	#FFFFFF	789
3645	#FFFFFF	103
3646	#FFFFFF	103
3647	#FFFFFF	103
3648	#FFFFFF	398
3649	#FFFFFF	398
3650	#FFFFFF	208
3651	#FFFFFF	398
3652	#FFFFFF	398
3653	#FFFFFF	105
3654	#FFFFFF	105
3655	#FFFFFF	105
3656	#FFFFFF	105
3657	#FFFFFF	105
3658	#FFFFFF	105
3659	#FFFFFF	105
3660	#FFFFFF	398
3661	#FFFFFF	208
3662	#FFFFFF	103
3663	#FFFFFF	29
3664	#FFFFFF	29
3665	#FFFFFF	29
3666	#FFFFFF	29
3667	#FFFFFF	29
3668	#FFFFFF	29
3669	#FFFFFF	29
3670	#FFFFFF	29
3671	#FFFFFF	230
3672	#FFFFFF	208
3673	#FFFFFF	230
3674	#FFFFFF	230
3675	#FFFFFF	230
3676	#FFFFFF	230
3677	#FFFFFF	230
3678	#FFFFFF	230
3679	#FFFFFF	230
3680	#FFFFFF	230
3681	#FFFFFF	370
3682	#FFFFFF	208
3683	#FFFFFF	563
3684	#FFFFFF	563
3685	#FFFFFF	563
3686	#FFFFFF	217
3688	#FFFFFF	189
3689	#FFFFFF	208
3690	#FFFFFF	217
3691	#FFFFFF	217
3692	#FFFFFF	789
3693	#FFFFFF	789
3694	#FFFFFF	789
3695	#FFFFFF	103
3696	#FFFFFF	103
3697	#FFFFFF	103
3698	#FFFFFF	398
3699	#FFFFFF	105
3700	#FFFFFF	208
3701	#FFFFFF	398
3702	#FFFFFF	398
3703	#FFFFFF	105
3704	#FFFFFF	105
3705	#FFFFFF	105
3706	#FFFFFF	105
3707	#FFFFFF	105
3708	#FFFFFF	105
3709	#FFFFFF	105
3710	#FFFFFF	398
3711	#FFFFFF	208
3712	#FFFFFF	103
3713	#FFFFFF	29
3714	#FFFFFF	29
3715	#FFFFFF	29
3716	#FFFFFF	29
3717	#FFFFFF	29
3718	#FFFFFF	29
3719	#FFFFFF	29
3720	#FFFFFF	29
3721	#FFFFFF	29
3722	#FFFFFF	208
3723	#FFFFFF	230
3724	#FFFFFF	230
3725	#FFFFFF	230
3726	#FFFFFF	230
3727	#FFFFFF	230
3728	#FFFFFF	230
3729	#FFFFFF	230
3730	#FFFFFF	230
3731	#FFFFFF	370
3732	#FFFFFF	302
3733	#FFFFFF	208
3734	#FFFFFF	563
3735	#FFFFFF	563
3736	#FFFFFF	563
3737	#FFFFFF	217
3739	#FFFFFF	189
3740	#FFFFFF	208
3741	#FFFFFF	217
3742	#FFFFFF	217
3743	#FFFFFF	789
3744	#FFFFFF	789
3745	#FFFFFF	789
3746	#FFFFFF	103
3747	#FFFFFF	103
3749	#FFFFFF	105
3750	#FFFFFF	398
3751	#FFFFFF	208
3752	#FFFFFF	105
3753	#FFFFFF	105
3754	#FFFFFF	105
3755	#FFFFFF	105
3756	#FFFFFF	105
3757	#FFFFFF	105
3758	#FFFFFF	105
3759	#FFFFFF	105
3760	#FFFFFF	398
3761	#FFFFFF	103
3762	#FFFFFF	208
3763	#FFFFFF	29
3764	#FFFFFF	29
3765	#FFFFFF	29
3766	#FFFFFF	29
3767	#FFFFFF	29
3768	#FFFFFF	29
3769	#FFFFFF	29
3770	#FFFFFF	29
3771	#FFFFFF	29
3772	#FFFFFF	230
3773	#FFFFFF	208
3774	#FFFFFF	230
3775	#FFFFFF	230
3776	#FFFFFF	230
3777	#FFFFFF	230
3778	#FFFFFF	230
3779	#FFFFFF	230
3780	#FFFFFF	230
3781	#FFFFFF	230
3782	#FFFFFF	370
3783	#FFFFFF	563
3784	#FFFFFF	563
3785	#FFFFFF	563
3786	#FFFFFF	217
3787	#FFFFFF	217
3789	#FFFFFF	189
3790	#FFFFFF	208
3791	#FFFFFF	217
3792	#FFFFFF	217
3793	#FFFFFF	217
3794	#FFFFFF	789
3795	#FFFFFF	789
3796	#FFFFFF	103
3797	#FFFFFF	103
3798	#FFFFFF	398
3799	#FFFFFF	105
3800	#FFFFFF	105
3801	#FFFFFF	208
3802	#FFFFFF	105
3803	#FFFFFF	105
3804	#FFFFFF	105
3805	#FFFFFF	105
3806	#FFFFFF	105
3807	#FFFFFF	105
3808	#FFFFFF	105
3809	#FFFFFF	105
3810	#FFFFFF	398
3811	#FFFFFF	103
3812	#FFFFFF	208
3813	#FFFFFF	29
3814	#FFFFFF	29
3815	#FFFFFF	29
3816	#FFFFFF	29
3817	#FFFFFF	29
3818	#FFFFFF	29
3819	#FFFFFF	29
3820	#FFFFFF	29
3821	#FFFFFF	29
3822	#FFFFFF	230
3823	#FFFFFF	208
3824	#FFFFFF	230
3825	#FFFFFF	230
3826	#FFFFFF	230
3827	#FFFFFF	230
3828	#FFFFFF	230
3829	#FFFFFF	370
3830	#FFFFFF	230
3831	#FFFFFF	370
3832	#FFFFFF	370
3833	#FFFFFF	302
3834	#FFFFFF	563
3835	#FFFFFF	563
3836	#FFFFFF	563
3837	#FFFFFF	217
3838	#FFFFFF	217
3840	#FFFFFF	189
3841	#FFFFFF	208
3842	#FFFFFF	217
3843	#FFFFFF	217
3844	#FFFFFF	217
3845	#FFFFFF	789
3846	#FFFFFF	789
3847	#FFFFFF	103
3849	#FFFFFF	105
3850	#FFFFFF	105
3851	#FFFFFF	105
3852	#FFFFFF	208
3853	#FFFFFF	105
3854	#FFFFFF	105
3855	#FFFFFF	105
3856	#FFFFFF	105
3857	#FFFFFF	105
3858	#FFFFFF	105
3859	#FFFFFF	105
3860	#FFFFFF	398
3861	#FFFFFF	103
3862	#FFFFFF	29
3863	#FFFFFF	208
3864	#FFFFFF	29
3865	#FFFFFF	29
3866	#FFFFFF	29
3867	#FFFFFF	29
3868	#FFFFFF	29
3869	#FFFFFF	29
3870	#FFFFFF	29
3871	#FFFFFF	29
3872	#FFFFFF	230
3873	#FFFFFF	230
3874	#FFFFFF	563
3875	#FFFFFF	230
3876	#FFFFFF	230
3877	#FFFFFF	230
3878	#FFFFFF	230
3879	#FFFFFF	230
3880	#FFFFFF	370
3881	#FFFFFF	230
3882	#FFFFFF	370
3883	#FFFFFF	370
3884	#FFFFFF	563
3885	#FFFFFF	563
3886	#FFFFFF	217
3887	#FFFFFF	217
3888	#FFFFFF	217
3890	#FFFFFF	189
3891	#FFFFFF	208
3892	#FFFFFF	217
3893	#FFFFFF	217
3894	#FFFFFF	217
3895	#FFFFFF	103
3896	#FFFFFF	789
3897	#FFFFFF	103
3898	#FFFFFF	398
3899	#FFFFFF	105
3900	#FFFFFF	398
3901	#FFFFFF	105
3902	#FFFFFF	208
3903	#FFFFFF	105
3904	#FFFFFF	105
3905	#FFFFFF	105
3906	#FFFFFF	105
3907	#FFFFFF	105
3908	#FFFFFF	105
3909	#FFFFFF	105
3910	#FFFFFF	398
3911	#FFFFFF	103
3912	#FFFFFF	29
3913	#FFFFFF	208
3914	#FFFFFF	29
3915	#FFFFFF	29
3916	#FFFFFF	29
3917	#FFFFFF	29
3918	#FFFFFF	29
3919	#FFFFFF	29
3920	#FFFFFF	29
3921	#FFFFFF	29
3922	#FFFFFF	230
3923	#FFFFFF	230
3924	#FFFFFF	563
3925	#FFFFFF	230
3926	#FFFFFF	230
3927	#FFFFFF	230
3928	#FFFFFF	230
3929	#FFFFFF	230
3930	#FFFFFF	230
3931	#FFFFFF	370
3932	#FFFFFF	370
3933	#FFFFFF	370
3934	#FFFFFF	370
3935	#FFFFFF	563
3936	#FFFFFF	563
3937	#FFFFFF	217
3938	#FFFFFF	217
3939	#FFFFFF	217
3941	#FFFFFF	189
3942	#FFFFFF	208
3943	#FFFFFF	217
3944	#FFFFFF	217
3945	#FFFFFF	217
3946	#FFFFFF	103
3947	#FFFFFF	103
3948	#FFFFFF	398
3949	#FFFFFF	398
3950	#FFFFFF	398
3951	#FFFFFF	105
3952	#FFFFFF	105
3953	#FFFFFF	208
3954	#FFFFFF	103
3955	#FFFFFF	103
3956	#FFFFFF	105
3957	#FFFFFF	105
3958	#FFFFFF	103
3959	#FFFFFF	105
3960	#FFFFFF	398
3961	#FFFFFF	103
3962	#FFFFFF	29
3963	#FFFFFF	29
3964	#FFFFFF	563
3965	#FFFFFF	29
3966	#FFFFFF	29
3967	#FFFFFF	29
3968	#FFFFFF	29
3969	#FFFFFF	29
3970	#FFFFFF	29
3971	#FFFFFF	29
3972	#FFFFFF	29
3973	#FFFFFF	230
3974	#FFFFFF	230
3975	#FFFFFF	563
3976	#FFFFFF	230
3977	#FFFFFF	230
3978	#FFFFFF	230
3979	#FFFFFF	230
3980	#FFFFFF	230
3981	#FFFFFF	230
3982	#FFFFFF	370
3983	#FFFFFF	370
3984	#FFFFFF	370
3985	#FFFFFF	563
3986	#FFFFFF	217
3987	#FFFFFF	217
3988	#FFFFFF	217
3989	#FFFFFF	217
3991	#FFFFFF	189
3992	#FFFFFF	208
3993	#FFFFFF	217
3994	#FFFFFF	103
3995	#FFFFFF	217
3996	#FFFFFF	103
3997	#FFFFFF	103
3998	#FFFFFF	398
3999	#FFFFFF	103
4000	#FFFFFF	398
4001	#FFFFFF	105
4002	#FFFFFF	105
4003	#FFFFFF	208
4004	#FFFFFF	103
4005	#FFFFFF	103
4006	#FFFFFF	105
4007	#FFFFFF	105
4008	#FFFFFF	103
4009	#FFFFFF	103
4010	#FFFFFF	398
4011	#FFFFFF	103
4012	#FFFFFF	29
4013	#FFFFFF	29
4014	#FFFFFF	563
4015	#FFFFFF	29
4016	#FFFFFF	29
4017	#FFFFFF	29
4018	#FFFFFF	29
4019	#FFFFFF	29
4020	#FFFFFF	29
4021	#FFFFFF	29
4022	#FFFFFF	29
4023	#FFFFFF	230
4024	#FFFFFF	230
4025	#FFFFFF	563
4026	#FFFFFF	230
4027	#FFFFFF	230
4028	#FFFFFF	230
4029	#FFFFFF	230
4030	#FFFFFF	230
4031	#FFFFFF	370
4032	#FFFFFF	370
4033	#FFFFFF	370
4034	#FFFFFF	370
4035	#FFFFFF	370
4036	#FFFFFF	563
4037	#FFFFFF	217
4038	#FFFFFF	217
4039	#FFFFFF	217
4040	#FFFFFF	217
4042	#FFFFFF	351
4043	#FCE5EC	348
4044	#FFFFFF	44
4045	#FFFFFF	44
4046	#FFFFFF	44
4047	#FFFFFF	44
4048	#FFFFFF	44
4049	#FFFFFF	44
4050	#FFFFFF	44
4051	#FFFFFF	44
4052	#FFFFFF	44
4053	#FFFFFF	102
4054	#FCE5EC	348
4055	#FFFFFF	102
4056	#FFFFFF	102
4057	#FFFFFF	102
4058	#FFFFFF	102
4059	#FFFFFF	102
4060	#FFFFFF	102
4061	#FFFFFF	102
4062	#FFFFFF	102
4063	#FFFFFF	102
4064	#FFFFFF	102
4065	#FEF4F7	404
4066	#FFFFFF	102
4067	#FFFFFF	102
4068	#FFFFFF	102
4069	#FFFFFF	102
4070	#FFFFFF	102
4071	#FFFFFF	102
4072	#FFFFFF	102
4073	#FFFFFF	102
4074	#FFFFFF	102
4075	#FFFFFF	102
4076	#FEF4F7	404
4077	#FFFFFF	102
4078	#FFFFFF	102
4079	#FFFFFF	102
4080	#FFFFFF	102
4081	#FFFFFF	102
4082	#FFFFFF	102
4083	#FFFFFF	360
4084	#FFFFFF	360
4085	#FFFFFF	360
4086	#FFFFFF	360
4087	#FEF4F7	404
4088	#FEF4F7	404
4089	#FFFFFF	44
4090	#FFFFFF	44
4091	#FFFFFF	44
4093	#FFFFFF	351
4094	#FCE5EC	348
4095	#FFFFFF	44
4096	#FFFFFF	44
4097	#FFFFFF	44
4098	#FFFFFF	44
4099	#FFFFFF	44
4100	#FFFFFF	44
4101	#FFFFFF	44
4102	#FFFFFF	217
4103	#FFFFFF	217
4104	#FFFFFF	217
4105	#FCE5EC	348
4106	#FFFFFF	102
4107	#FFFFFF	102
4108	#FFFFFF	102
4109	#FFFFFF	102
4110	#FFFFFF	102
4111	#FFFFFF	102
4112	#FFFFFF	102
4113	#FFFFFF	102
4114	#FFFFFF	102
4115	#FFFFFF	102
4116	#FEF4F7	404
4117	#FFFFFF	102
4118	#FFFFFF	102
4119	#FFFFFF	102
4120	#FFFFFF	102
4121	#FFFFFF	102
4122	#FFFFFF	102
4123	#FFFFFF	102
4124	#FFFFFF	102
4125	#FFFFFF	102
4126	#FFFFFF	102
4127	#FEF4F7	404
4128	#FFFFFF	102
4129	#FFFFFF	102
4130	#FFFFFF	102
4131	#FFFFFF	102
4132	#FFFFFF	102
4133	#FFFFFF	360
4134	#FFFFFF	360
4135	#FFFFFF	360
4136	#FFFFFF	360
4137	#FEF4F7	404
4138	#FEF4F7	404
4139	#FFFFFF	44
4140	#FFFFFF	44
4141	#FFFFFF	44
4143	#FFFFFF	351
4144	#FCE5EC	348
4145	#FFFFFF	44
4146	#FFFFFF	44
4147	#FFFFFF	44
4148	#FFFFFF	44
4149	#FFFFFF	44
4150	#FFFFFF	44
4151	#FFFFFF	44
4152	#FFFFFF	217
4153	#FFFFFF	217
4154	#FFFFFF	217
4155	#FCE5EC	348
4156	#FFFFFF	102
4157	#FFFFFF	102
4158	#FFFFFF	102
4159	#FFFFFF	102
4160	#FFFFFF	102
4161	#FFFFFF	102
4162	#FFFFFF	102
4163	#FFFFFF	102
4164	#FFFFFF	102
4165	#FFFFFF	102
4166	#FEF4F7	404
4167	#FFFFFF	102
4168	#FFFFFF	102
4169	#FFFFFF	102
4170	#FFFFFF	102
4171	#FFFFFF	102
4172	#FFFFFF	102
4173	#FFFFFF	102
4174	#FFFFFF	102
4175	#FFFFFF	102
4176	#FFFFFF	102
4177	#FEF4F7	404
4178	#FFFFFF	102
4179	#FFFFFF	102
4180	#FFFFFF	102
4181	#FFFFFF	102
4182	#FFFFFF	102
4183	#FFFFFF	360
4184	#FFFFFF	360
4185	#FFFFFF	360
4186	#FFFFFF	360
4187	#FFFFFF	360
4188	#FEF4F7	404
4189	#FEF4F7	404
4190	#FEF4F7	404
4191	#FFFFFF	44
4192	#FFFFFF	44
4194	#FFFFFF	351
4195	#FCE5EC	348
4196	#FFFFFF	44
4197	#FFFFFF	44
4198	#FFFFFF	44
4199	#FFFFFF	44
4200	#FFFFFF	44
4201	#FFFFFF	44
4202	#FFFFFF	217
4203	#FFFFFF	217
4204	#FFFFFF	217
4205	#FFFFFF	217
4206	#FCE5EC	348
4207	#FFFFFF	102
4208	#FFFFFF	102
4209	#FFFFFF	102
4210	#FFFFFF	102
4211	#FFFFFF	102
4212	#FFFFFF	102
4213	#FFFFFF	102
4214	#FFFFFF	102
4215	#FFFFFF	102
4216	#FFFFFF	102
4217	#FEF4F7	404
4218	#FFFFFF	102
4219	#FFFFFF	102
4220	#FFFFFF	102
4221	#FFFFFF	102
4222	#FFFFFF	102
4223	#FFFFFF	102
4224	#FFFFFF	102
4225	#FFFFFF	102
4226	#FFFFFF	102
4227	#FFFFFF	102
4228	#FEF4F7	404
4229	#FFFFFF	102
4230	#FFFFFF	102
4231	#FFFFFF	102
4232	#FFFFFF	102
4233	#FFFFFF	360
4234	#FFFFFF	360
4235	#FFFFFF	360
4236	#FFFFFF	360
4237	#FFFFFF	360
4238	#FEF4F7	404
4239	#FEF4F7	404
4240	#FEF4F7	404
4241	#FFFFFF	44
4242	#FFFFFF	44
4244	#FFFFFF	351
4245	#FCE5EC	348
4246	#FEF4F7	404
4247	#FFFFFF	44
4248	#FFFFFF	44
4249	#FFFFFF	44
4250	#FFFFFF	44
4251	#FFFFFF	44
4252	#FFFFFF	44
4253	#FFFFFF	217
4254	#FFFFFF	217
4255	#FFFFFF	217
4256	#FCE5EC	348
4257	#FFFFFF	102
4258	#FFFFFF	102
4259	#FFFFFF	102
4260	#FFFFFF	102
4261	#FFFFFF	102
4262	#FFFFFF	102
4263	#FFFFFF	102
4264	#FFFFFF	102
4265	#FFFFFF	102
4266	#FFFFFF	102
4267	#FCE5EC	348
4268	#FFFFFF	102
4269	#FFFFFF	102
4270	#FFFFFF	102
4271	#FFFFFF	102
4272	#FFFFFF	102
4273	#FFFFFF	102
4274	#FFFFFF	102
4275	#FFFFFF	102
4276	#FFFFFF	102
4277	#FFFFFF	102
4278	#FEF4F7	404
4279	#FFFFFF	102
4280	#FFFFFF	102
4281	#FFFFFF	102
4282	#FFFFFF	102
4283	#FFFFFF	360
4284	#FFFFFF	360
4285	#FFFFFF	360
4286	#FFFFFF	360
4287	#FFFFFF	360
4288	#FFFFFF	360
4289	#FEF4F7	404
4290	#FEF4F7	404
4291	#FEF4F7	404
4292	#FEF4F7	404
4293	#FFFFFF	44
4295	#FFFFFF	351
4296	#FCE5EC	348
4297	#FFFFFF	44
4298	#FFFFFF	44
4299	#FFFFFF	44
4300	#FFFFFF	44
4301	#FFFFFF	44
4302	#FFFFFF	44
4303	#FFFFFF	217
4304	#FFFFFF	217
4305	#FFFFFF	217
4306	#FFFFFF	217
4307	#FCE5EC	348
4308	#FFFFFF	217
4309	#FFFFFF	102
4310	#FFFFFF	102
4311	#FFFFFF	102
4312	#FFFFFF	102
4313	#FFFFFF	102
4314	#FFFFFF	102
4315	#FFFFFF	102
4316	#FFFFFF	102
4317	#FFFFFF	102
4318	#FCE5EC	348
4319	#FFFFFF	102
4320	#FFFFFF	102
4321	#FFFFFF	102
4322	#FFFFFF	102
4323	#FFFFFF	102
4324	#FFFFFF	102
4325	#FFFFFF	102
4326	#FFFFFF	102
4327	#FFFFFF	102
4328	#FFFFFF	102
4329	#FEF4F7	404
4330	#FFFFFF	102
4331	#FFFFFF	102
4332	#FFFFFF	102
4333	#FFFFFF	360
4334	#FFFFFF	360
4335	#FFFFFF	360
4336	#FFFFFF	360
4337	#FFFFFF	360
4338	#FFFFFF	360
4339	#FEF4F7	404
4340	#FEF4F7	404
4341	#FEF4F7	404
4342	#FEF4F7	404
4343	#FEF4F7	404
4345	#FFFFFF	351
4346	#FCE5EC	348
4347	#FFFFFF	44
4348	#FFFFFF	44
4349	#FFFFFF	44
4350	#FFFFFF	44
4351	#FFFFFF	44
4352	#FFFFFF	44
4353	#FFFFFF	217
4354	#FFFFFF	217
4355	#FFFFFF	217
4356	#FFFFFF	217
4357	#FCE5EC	348
4358	#FFFFFF	217
4359	#FFFFFF	217
4360	#FFFFFF	102
4361	#FFFFFF	102
4362	#FFFFFF	102
4363	#FFFFFF	102
4364	#FFFFFF	102
4365	#FFFFFF	102
4366	#FFFFFF	102
4367	#FFFFFF	102
4368	#FEF4F7	404
4369	#FFFFFF	102
4370	#FFFFFF	102
4371	#FFFFFF	102
4372	#FFFFFF	102
4373	#FFFFFF	102
4374	#FFFFFF	102
4375	#FFFFFF	102
4376	#FFFFFF	102
4377	#FFFFFF	102
4378	#FFFFFF	102
4379	#FEF4F7	404
4380	#FFFFFF	102
4381	#FFFFFF	102
4382	#FFFFFF	102
4383	#FFFFFF	102
4384	#FFFFFF	360
4385	#FFFFFF	360
4386	#FFFFFF	360
4387	#FFFFFF	360
4388	#FFFFFF	360
4389	#FFFFFF	360
4390	#FEF4F7	404
4391	#FEF4F7	404
4392	#FEF4F7	404
4393	#FEF4F7	404
4394	#FEF4F7	404
4396	#FFFFFF	351
4397	#FCE5EC	348
4398	#FFFFFF	44
4399	#FFFFFF	44
4400	#FFFFFF	44
4401	#FFFFFF	44
4402	#FFFFFF	44
4403	#FFFFFF	44
4404	#FFFFFF	217
4405	#FFFFFF	217
4406	#FFFFFF	217
4407	#FFFFFF	217
4408	#FCE5EC	348
4409	#FFFFFF	217
4410	#FFFFFF	217
4411	#FFFFFF	102
4412	#FFFFFF	102
4413	#FFFFFF	102
4414	#FFFFFF	102
4415	#FFFFFF	102
4416	#FFFFFF	102
4417	#FFFFFF	102
4418	#FFFFFF	102
4419	#FEF4F7	404
4420	#FFFFFF	102
4421	#FFFFFF	102
4422	#FFFFFF	102
4423	#FFFFFF	102
4424	#FFFFFF	102
4425	#FFFFFF	102
4426	#FFFFFF	102
4427	#FFFFFF	102
4428	#FFFFFF	102
4429	#FFFFFF	102
4430	#FEF4F7	404
4431	#FFFFFF	360
4432	#FFFFFF	102
4433	#FFFFFF	360
4434	#FFFFFF	360
4435	#FFFFFF	360
4436	#FFFFFF	360
4437	#FFFFFF	360
4438	#FFFFFF	181
4439	#FFFFFF	360
4440	#FEF4F7	404
4441	#FEF4F7	404
4442	#FEF4F7	404
4443	#FEF4F7	404
4444	#FFFFFF	44
4446	#FFFFFF	351
4447	#FCE5EC	348
4448	#FFFFFF	44
4449	#FFFFFF	44
4450	#FFFFFF	44
4451	#FFFFFF	44
4452	#FFFFFF	44
4453	#FFFFFF	44
4454	#FFFFFF	44
4455	#FFFFFF	217
4456	#FFFFFF	217
4457	#FFFFFF	217
4458	#FCE5EC	348
4459	#FFFFFF	217
4460	#FFFFFF	217
4461	#FFFFFF	102
4462	#FFFFFF	102
4463	#FFFFFF	102
4464	#FFFFFF	102
4465	#FFFFFF	102
4466	#FFFFFF	102
4467	#FFFFFF	102
4468	#FFFFFF	102
4469	#FEF4F7	404
4470	#FFFFFF	102
4471	#FFFFFF	102
4472	#FFFFFF	102
4473	#FFFFFF	102
4474	#FFFFFF	102
4475	#FFFFFF	102
4476	#FFFFFF	102
4477	#FFFFFF	102
4478	#FFFFFF	102
4479	#FFFFFF	102
4480	#FEF4F7	404
4481	#FFFFFF	102
4482	#FFFFFF	360
4483	#FFFFFF	360
4484	#FFFFFF	360
4485	#FFFFFF	360
4486	#FFFFFF	360
4487	#FFFFFF	360
4488	#FFFFFF	181
4489	#FFFFFF	181
4490	#FFFFFF	360
4491	#FEF4F7	404
4492	#FEF4F7	404
4493	#FEF4F7	404
4494	#FEF4F7	404
4495	#FFFFFF	44
4497	#FFFFFF	351
4498	#FCE5EC	348
4499	#FFFFFF	44
4500	#FFFFFF	44
4501	#FFFFFF	44
4502	#FFFFFF	44
4503	#FFFFFF	44
4504	#FFFFFF	217
4505	#FFFFFF	217
4506	#FFFFFF	217
4507	#FFFFFF	217
4508	#FFFFFF	102
4509	#FCE5EC	348
4510	#FFFFFF	217
4511	#FFFFFF	102
4512	#FFFFFF	102
4513	#FFFFFF	102
4514	#FFFFFF	102
4515	#FFFFFF	102
4516	#FFFFFF	102
4517	#FFFFFF	102
4518	#FFFFFF	102
4519	#FFFFFF	102
4520	#FEF4F7	404
4521	#FFFFFF	102
4522	#FFFFFF	102
4523	#FFFFFF	102
4524	#FFFFFF	102
4525	#FFFFFF	102
4526	#FFFFFF	102
4527	#FFFFFF	102
4528	#FFFFFF	102
4529	#FFFFFF	102
4530	#FFFFFF	102
4531	#FEF4F7	404
4532	#FFFFFF	102
4533	#FFFFFF	360
4534	#FFFFFF	360
4535	#FFFFFF	360
4536	#FFFFFF	360
4537	#FFFFFF	360
4538	#FFFFFF	360
4539	#FFFFFF	181
4540	#FFFFFF	181
4541	#FEF4F7	404
4542	#FEF4F7	404
4543	#FEF4F7	404
4544	#FFFFFF	44
4545	#FFFFFF	44
4547	#FFFFFF	351
4548	#FCE5EC	348
4549	#FFFFFF	44
4550	#FFFFFF	44
4551	#FFFFFF	44
4552	#FFFFFF	44
4553	#FFFFFF	44
4554	#FFFFFF	44
4555	#FFFFFF	608
4556	#FFFFFF	608
4557	#FFFFFF	608
4558	#FFFFFF	608
4559	#FCE5EC	348
4560	#FFFFFF	608
4561	#FFFFFF	608
4562	#FFFFFF	608
4563	#FFFFFF	102
4564	#FFFFFF	102
4565	#FFFFFF	102
4566	#FFFFFF	102
4567	#FFFFFF	102
4568	#FFFFFF	102
4569	#FFFFFF	102
4570	#FEF4F7	404
4571	#FFFFFF	102
4572	#FFFFFF	102
4573	#FFFFFF	102
4574	#FFFFFF	102
4575	#FFFFFF	102
4576	#FFFFFF	102
4577	#FFFFFF	102
4578	#FFFFFF	102
4579	#FFFFFF	102
4580	#FFFFFF	102
4581	#FEF4F7	404
4582	#FFFFFF	102
4583	#FFFFFF	102
4584	#FFFFFF	102
4585	#FFFFFF	102
4586	#FFFFFF	102
4587	#FFFFFF	102
4588	#FFFFFF	102
4589	#FFFFFF	102
4590	#FFFFFF	102
4591	#FFFFFF	360
4592	#FEF4F7	404
4593	#FEF4F7	404
4594	#FEF4F7	404
4595	#FEF4F7	404
4596	#FFFFFF	44
4598	#FFFFFF	351
4599	#FCE5EC	348
4600	#FFFFFF	44
4601	#FFFFFF	44
4602	#FFFFFF	44
4603	#FFFFFF	44
4604	#FFFFFF	44
4605	#FFFFFF	44
4606	#FFFFFF	608
4607	#FFFFFF	608
4608	#FFFFFF	608
4609	#FFFFFF	608
4610	#FCE5EC	348
4611	#FFFFFF	608
4612	#FFFFFF	608
4613	#FFFFFF	102
4614	#FFFFFF	102
4615	#FFFFFF	102
4616	#FFFFFF	102
4617	#FFFFFF	102
4618	#FFFFFF	102
4619	#FFFFFF	102
4620	#FFFFFF	102
4621	#FEF4F7	404
4622	#FFFFFF	102
4623	#FFFFFF	102
4624	#FFFFFF	102
4625	#FFFFFF	102
4626	#FFFFFF	102
4627	#FFFFFF	102
4628	#FFFFFF	102
4629	#FFFFFF	102
4630	#FFFFFF	102
4631	#FFFFFF	102
4632	#FEF4F7	404
4633	#FFFFFF	102
4634	#FFFFFF	102
4635	#FFFFFF	102
4636	#FFFFFF	102
4637	#FFFFFF	102
4638	#FFFFFF	102
4639	#FFFFFF	102
4640	#FFFFFF	102
4641	#FFFFFF	102
4642	#FEF4F7	404
4643	#FEF4F7	404
4644	#FEF4F7	404
4645	#FEF4F7	404
4646	#FFFFFF	44
4648	#FFFFFF	351
4649	#FCE5EC	348
4650	#FFFFFF	44
4651	#FFFFFF	44
4652	#FFFFFF	44
4653	#FFFFFF	44
4654	#FFFFFF	44
4655	#FFFFFF	44
4656	#FFFFFF	608
4657	#FFFFFF	608
4658	#FFFFFF	608
4659	#FFFFFF	44
4660	#FCE5EC	348
4661	#FFFFFF	608
4662	#FFFFFF	608
4663	#FFFFFF	102
4664	#FFFFFF	102
4665	#FFFFFF	102
4666	#FFFFFF	102
4667	#FFFFFF	102
4668	#FFFFFF	102
4669	#FFFFFF	102
4670	#FFFFFF	102
4671	#FCE5EC	348
4672	#FFFFFF	102
4673	#FFFFFF	102
4674	#FFFFFF	102
4675	#FFFFFF	102
4676	#FFFFFF	102
4677	#FFFFFF	102
4678	#FFFFFF	102
4679	#FFFFFF	102
4680	#FFFFFF	102
4681	#FFFFFF	102
4682	#FEF4F7	404
4683	#FFFFFF	102
4684	#FFFFFF	102
4685	#FFFFFF	102
4686	#FFFFFF	102
4687	#FFFFFF	102
4688	#FFFFFF	102
4689	#FFFFFF	102
4690	#FFFFFF	102
4691	#FFFFFF	102
4692	#FFFFFF	360
4693	#FEF4F7	404
4694	#FEF4F7	404
4695	#FEF4F7	404
4696	#FEF4F7	404
4697	#FEF4F7	404
4699	#FFFFFF	351
4700	#FCE5EC	348
4701	#FFFFFF	44
4702	#FFFFFF	44
4703	#FFFFFF	44
4704	#FFFFFF	44
4705	#FFFFFF	44
4706	#FFFFFF	44
4707	#FFFFFF	44
4708	#FFFFFF	608
4709	#FFFFFF	44
4710	#FFFFFF	44
4711	#FCE5EC	348
4712	#FFFFFF	608
4713	#FFFFFF	608
4714	#FFFFFF	102
4715	#FFFFFF	102
4716	#FFFFFF	102
4717	#FFFFFF	102
4718	#FFFFFF	102
4719	#FFFFFF	102
4720	#FFFFFF	102
4721	#FFFFFF	102
4722	#FEF4F7	404
4723	#FFFFFF	102
4724	#FFFFFF	102
4725	#FFFFFF	102
4726	#FFFFFF	102
4727	#FFFFFF	102
4728	#FFFFFF	102
4729	#FFFFFF	102
4730	#FFFFFF	102
4731	#FFFFFF	102
4732	#FFFFFF	102
4733	#FEF4F7	404
4734	#FFFFFF	102
4735	#FFFFFF	102
4736	#FFFFFF	102
4737	#FFFFFF	102
4738	#FFFFFF	102
4739	#FFFFFF	102
4740	#FFFFFF	102
4741	#FFFFFF	102
4742	#FFFFFF	102
4743	#FEF4F7	404
4744	#FEF4F7	404
4745	#FEF4F7	404
4746	#FEF4F7	404
4747	#FEF4F7	404
4749	#FFFFFF	351
4750	#FFFFFF	351
4751	#FEF4F7	404
4752	#FFFFFF	44
4753	#FFFFFF	44
4754	#FFFFFF	44
4755	#FFFFFF	44
4756	#FFFFFF	44
4757	#FFFFFF	44
4758	#FFFFFF	608
4759	#FFFFFF	44
4760	#FFFFFF	608
4761	#FCE5EC	348
4762	#FFFFFF	608
4763	#FFFFFF	102
4764	#FFFFFF	102
4765	#FFFFFF	102
4766	#FFFFFF	102
4767	#FFFFFF	102
4768	#FFFFFF	608
4769	#FFFFFF	102
4770	#FFFFFF	102
4771	#FFFFFF	102
4772	#FEF4F7	404
4773	#FFFFFF	102
4774	#FFFFFF	102
4775	#FFFFFF	102
4776	#FFFFFF	102
4777	#FFFFFF	102
4778	#FFFFFF	102
4779	#FFFFFF	102
4780	#FFFFFF	102
4781	#FFFFFF	102
4782	#FFFFFF	102
4783	#FEF4F7	404
4784	#FFFFFF	102
4785	#FFFFFF	102
4786	#FFFFFF	102
4787	#FFFFFF	102
4788	#FFFFFF	102
4789	#FFFFFF	102
4790	#FFFFFF	102
4791	#FFFFFF	102
4792	#FFFFFF	102
4793	#FFFFFF	360
4794	#FEF4F7	404
4795	#FEF4F7	404
4796	#FEF4F7	404
4797	#FEF4F7	404
4798	#FEF4F7	404
4800	#FFFFFF	351
4801	#FFFFFF	351
4802	#FEF4F7	404
4803	#FFFFFF	44
4804	#FFFFFF	44
4805	#FFFFFF	44
4806	#FFFFFF	44
4807	#FFFFFF	44
4808	#FFFFFF	44
4809	#FFFFFF	44
4810	#FFFFFF	608
4811	#FFFFFF	608
4812	#FCE5EC	348
4813	#FFFFFF	102
4814	#FFFFFF	102
4815	#FFFFFF	102
4816	#FFFFFF	102
4817	#FFFFFF	102
4818	#FFFFFF	608
4819	#FFFFFF	102
4820	#FFFFFF	102
4821	#FFFFFF	102
4822	#FFFFFF	102
4823	#FEF4F7	404
4824	#FFFFFF	102
4825	#FFFFFF	102
4826	#FFFFFF	102
4827	#FFFFFF	102
4828	#FFFFFF	102
4829	#FFFFFF	102
4830	#FFFFFF	102
4831	#FFFFFF	102
4832	#FFFFFF	102
4833	#FFFFFF	102
4834	#FEF4F7	404
4835	#FFFFFF	102
4836	#FFFFFF	102
4837	#FFFFFF	102
4838	#FFFFFF	102
4839	#FFFFFF	102
4840	#FFFFFF	102
4841	#FFFFFF	102
4842	#FFFFFF	102
4843	#FFFFFF	102
4844	#FEF4F7	404
4845	#FEF4F7	404
4846	#FEF4F7	404
4847	#FEF4F7	404
4848	#FEF4F7	404
4850	#FFFFFF	351
4851	#FFFFFF	351
4852	#FEF4F7	404
4853	#FEF4F7	404
4854	#FFFFFF	44
4855	#FFFFFF	44
4856	#FFFFFF	44
4857	#FFFFFF	44
4858	#FFFFFF	44
4859	#FFFFFF	44
4860	#FFFFFF	44
4861	#FFFFFF	44
4862	#FCE5EC	348
4863	#FFFFFF	608
4864	#FFFFFF	102
4865	#FFFFFF	102
4866	#FFFFFF	102
4867	#FFFFFF	102
4868	#FFFFFF	608
4869	#FFFFFF	102
4870	#FFFFFF	102
4871	#FFFFFF	102
4872	#FFFFFF	102
4873	#FEF4F7	404
4874	#FFFFFF	102
4875	#FFFFFF	102
4876	#FFFFFF	102
4877	#FFFFFF	102
4878	#FFFFFF	102
4879	#FFFFFF	102
4880	#FFFFFF	102
4881	#FFFFFF	102
4882	#FFFFFF	102
4883	#FFFFFF	102
4884	#FEF4F7	404
4885	#FFFFFF	102
4886	#FFFFFF	102
4887	#FFFFFF	102
4888	#FFFFFF	102
4889	#FFFFFF	102
4890	#FFFFFF	102
4891	#FFFFFF	102
4892	#FFFFFF	102
4893	#FFFFFF	102
4894	#FFFFFF	102
4895	#FEF4F7	404
4896	#FEF4F7	404
4897	#FEF4F7	404
4898	#FEF4F7	404
4899	#FEF4F7	404
4901	#FFFFFF	351
4902	#FCE5EC	348
4903	#FEF4F7	404
4904	#FFFFFF	44
4905	#FFFFFF	44
4906	#FFFFFF	44
4907	#FFFFFF	44
4908	#FFFFFF	44
4909	#FFFFFF	44
4910	#FFFFFF	44
4911	#FFFFFF	44
4912	#FFFFFF	608
4913	#FCE5EC	348
4914	#FFFFFF	102
4915	#FFFFFF	102
4916	#FFFFFF	102
4917	#FFFFFF	102
4918	#FFFFFF	608
4919	#FFFFFF	608
4920	#FFFFFF	102
4921	#FFFFFF	102
4922	#FFFFFF	102
4923	#FFFFFF	102
4924	#FEF4F7	404
4925	#FFFFFF	102
4926	#FFFFFF	102
4927	#FFFFFF	102
4928	#FFFFFF	102
4929	#FFFFFF	102
4930	#FFFFFF	102
4931	#FFFFFF	102
4932	#FFFFFF	102
4933	#FFFFFF	102
4934	#FFFFFF	102
4935	#FEF4F7	404
4936	#FFFFFF	102
4937	#FFFFFF	102
4938	#FFFFFF	102
4939	#FFFFFF	102
4940	#FFFFFF	102
4941	#FFFFFF	102
4942	#FFFFFF	102
4943	#FFFFFF	102
4944	#FFFFFF	273
4945	#FEF4F7	404
4946	#FEF4F7	404
4947	#FEF4F7	404
4948	#FEF4F7	404
4949	#FEF4F7	404
4951	#FFFFFF	351
4952	#FCE5EC	348
4953	#FEF4F7	404
4954	#FFFFFF	44
4955	#FFFFFF	44
4956	#FFFFFF	44
4957	#FFFFFF	44
4958	#FFFFFF	44
4959	#FFFFFF	44
4960	#FFFFFF	44
4961	#FFFFFF	44
4962	#FFFFFF	608
4963	#FCE5EC	348
4964	#FFFFFF	608
4965	#FFFFFF	102
4966	#FFFFFF	102
4967	#FFFFFF	102
4968	#FFFFFF	608
4969	#FFFFFF	608
4970	#FFFFFF	608
4971	#FFFFFF	102
4972	#FFFFFF	102
4973	#FFFFFF	102
4974	#FCE5EC	348
4975	#FFFFFF	102
4976	#FFFFFF	102
4977	#FFFFFF	102
4978	#FFFFFF	102
4979	#FFFFFF	102
4980	#FFFFFF	102
4981	#FFFFFF	102
4982	#FFFFFF	102
4983	#FFFFFF	102
4984	#FFFFFF	102
4985	#FEF4F7	404
4986	#FFFFFF	102
4987	#FFFFFF	102
4988	#FFFFFF	102
4989	#FFFFFF	102
4990	#FFFFFF	102
4991	#FFFFFF	102
4992	#FFFFFF	102
4993	#FFFFFF	102
4994	#FFFFFF	102
4995	#FFFFFF	273
4996	#FEF4F7	404
4997	#FEF4F7	404
4998	#FEF4F7	404
4999	#FEF4F7	404
5000	#FEF4F7	404
5002	#FCE5EC	348
5003	#FCE5EC	348
5004	#FFFFFF	44
5005	#FFFFFF	44
5006	#FFFFFF	44
5007	#FFFFFF	44
5008	#FFFFFF	44
5009	#FFFFFF	44
5010	#FFFFFF	44
5011	#FFFFFF	44
5012	#FFFFFF	608
5013	#FFFFFF	608
5014	#FCE5EC	348
5015	#FFFFFF	608
5016	#FFFFFF	102
5017	#FFFFFF	102
5018	#FFFFFF	102
5019	#FFFFFF	608
5020	#FFFFFF	608
5021	#FFFFFF	608
5022	#FFFFFF	102
5023	#FFFFFF	102
5024	#FFFFFF	102
5025	#FEF4F7	404
5026	#FFFFFF	102
5027	#FFFFFF	102
5028	#FFFFFF	102
5029	#FFFFFF	102
5030	#FFFFFF	102
5031	#FFFFFF	102
5032	#FFFFFF	102
5033	#FFFFFF	102
5034	#FFFFFF	102
5035	#FFFFFF	102
5036	#FEF4F7	404
5037	#FFFFFF	102
5038	#FFFFFF	102
5039	#FFFFFF	102
5040	#FFFFFF	102
5041	#FFFFFF	102
5042	#FFFFFF	102
5043	#FFFFFF	102
5044	#FFFFFF	102
5045	#FFFFFF	273
5046	#FEF4F7	404
5047	#FEF4F7	404
5048	#FEF4F7	404
5049	#FEF4F7	404
5050	#FEF4F7	404
5052	#FFFFFF	476
5053	#FCE5EC	348
5054	#FFFFFF	44
5055	#FFFFFF	44
5056	#FFFFFF	44
5057	#FFFFFF	44
5058	#FFFFFF	44
5059	#FFFFFF	44
5060	#FFFFFF	44
5061	#FFFFFF	44
5062	#FFFFFF	608
5063	#FFFFFF	608
5064	#FCE5EC	348
5065	#FFFFFF	102
5066	#FFFFFF	608
5067	#FFFFFF	102
5068	#FFFFFF	608
5069	#FFFFFF	608
5070	#FFFFFF	608
5071	#FFFFFF	608
5072	#FFFFFF	608
5073	#FFFFFF	102
5074	#FFFFFF	102
5075	#FCE5EC	348
5076	#FFFFFF	102
5077	#FFFFFF	102
5078	#FFFFFF	102
5079	#FFFFFF	102
5080	#FFFFFF	102
5081	#FFFFFF	102
5082	#FFFFFF	102
5083	#FFFFFF	102
5084	#FFFFFF	102
5085	#FFFFFF	102
5086	#FEF4F7	404
5087	#FFFFFF	102
5088	#FFFFFF	102
5089	#FFFFFF	102
5090	#FFFFFF	102
5091	#FFFFFF	102
5092	#FFFFFF	102
5093	#FFFFFF	102
5094	#FFFFFF	273
5095	#FFFFFF	273
5096	#FFFFFF	273
5097	#FEF4F7	404
5098	#FEF4F7	404
5099	#FEF4F7	404
5100	#FEF4F7	404
5101	#FEF4F7	404
