x	y
0.31894048976054	0.442317091452357
0.804739939198488	1.65134546461222
0.25336441329203	0.299398773115625
-0.525410454949889	0.935481746908531
0.012826320155615	0.0141505983910118
0.144757044880282	0.167871183615673
-0.156828774159144	0.183749869947004
-0.090405434983046	0.105835009870414
0.00676176426677353	0.00627311153009031
-0.269883132466296	0.373701044229024
-0.336778857625658	0.466705214819136
0.135773197403075	0.153069228385453
-0.291310911955338	0.403775888674795
-0.369859623916999	0.533102883655374
0.125062581584474	0.148388220738926
-0.402834274751645	0.603337437874078
0.160615804705702	0.17690720462831
0.465210600909079	0.580959865909865
0.273747764701311	0.280813844471173
0.191869254431797	0.206769505492368
0.221468274196859	0.18046175025547
0.307742781606774	0.262229668872698
-0.732037943741207	0.732767940869475
-0.643527405347685	0.730996143549834
-0.152501157211046	0.153001292838183
-0.256465362439594	0.254106966482949
-0.196656834654251	0.219042618510776
-0.233105926695079	0.217545481486721
0.722821325118174	1.20772919124816
0.624267962692588	0.944970788927046
0.232230980626719	0.2954126997743
-0.225661550241971	0.288296493235
-0.156639106111779	0.183518072522789
0.04501690328832	0.0459316147486169
0.0975715049130699	0.121460704614167
0.18627831304618	0.247366081103779
-0.372126087858767	0.429642825888829
-0.906368797474002	1.76958118316895
-0.395686453896102	0.570520737881513
-0.237017413774294	0.276630504370319
0.562032268473264	1.1098502197606
-0.175777013255882	0.196023231235509
-0.383719507536158	0.595371427587885
-0.417373413107066	0.693224023215405
0.450101471470114	0.682285076760408
0.261549507188721	0.377399437597566
-0.0284087206224279	0.0222470984833596
0.183714121271759	0.192059447582579
0.624284247251583	0.944702698320459
-0.233327311737474	0.217905120589618
0.401308437156358	0.415673646813851
0.169466896590649	0.144055695592985
0.0596809243300948	0.0541084315707121
-0.422387223287043	0.60859868451444
0.160893942078395	0.212812946539728
0.220671868159134	0.301876300205876
-0.300455064785326	0.432242919760514
0.125691386986284	0.149247255931102
-0.322612340262271	0.464676701963296
-0.774143369705872	1.69695789760462
0.523312051839118	0.69377392480885
0.523214596925292	0.693565023042337
0.213256690853794	0.210455145973383
0.273861486226573	0.280961433996624
0.702101434640211	0.893300214906381
0.558782634724016	0.623990644119855
0.318869438757681	0.294961389335112
0.567001674489526	0.612168007154512
0.31341481832317	0.27855338524384
0.740388191189061	0.716013820448199
-0.207359651977579	0.181778665800686
0.497109606497017	0.461600806705287
-0.381276666288699	0.3956673079627
-0.242187461200797	0.268561524058033
-0.342826037262377	0.356951097307955
0.700884293560914	1.21880701577444
-0.00911114709623453	0.0065699635116701
-0.783053272251413	0.87930554498685
0.340415703567894	0.374296886807041
-0.265507664348023	0.194064234856467
-0.510421781629362	0.458060416627737
-0.74698538174706	0.697663368297709
0.116353991523378	0.0681564763741826
0.449109735785724	0.727789869896623
0.464625138696807	0.580434932045708
-0.326402919354057	0.434532242522985
-0.0071776178655968	0.00695442644052597
-0.716452415473291	1.3184673596424
0.333813204481111	0.509843596237997
0.544944926819546	0.87354219044563
-0.920486929629015	1.90758312015087
-0.405804814215929	0.538330925609478
-0.100502173955311	0.107290112703096
-0.14886678326498	0.196453767160999
0.233910201738071	0.336225452672428
-0.270242061358401	0.374213879038127
