x	y	clickSelects	showSelected1
0.1154879848909	1	1	log2(tiles)=1.00 log10(pixels)=2.25
0.0527737252919756	1	2	log2(tiles)=1.50 log10(pixels)=2.75
0.0629578340845103	1	3	log2(tiles)=1.50 log10(pixels)=3.00
0.117602691690084	1	4	log2(tiles)=1.00 log10(pixels)=3.00
0.068201724066995	1	5	log2(tiles)=1.00 log10(pixels)=2.50
0.108315640082196	1	6	log2(tiles)=2.00 log10(pixels)=3.25
-0.00168944621039957	1	7	log2(tiles)=1.00 log10(pixels)=2.50
-0.0734887386354246	1	8	log2(tiles)=2.00 log10(pixels)=2.50
-0.100153287287077	1	9	log2(tiles)=2.25 log10(pixels)=3.50
-0.0710230527068307	1	10	log2(tiles)=0.00 log10(pixels)=2.25
0.0244856676991669	1	11	log2(tiles)=2.00 log10(pixels)=3.00
-0.0850526273781584	1	12	log2(tiles)=2.00 log10(pixels)=3.25
0.104145550554008	1	13	log2(tiles)=2.00 log10(pixels)=3.00
0.0681858617461617	1	14	log2(tiles)=1.00 log10(pixels)=2.00
0.05307844348342	1	15	log2(tiles)=0.00 log10(pixels)=2.00
-0.109518563029578	1	16	log2(tiles)=1.50 log10(pixels)=2.75
0.0549958615291417	1	17	log2(tiles)=2.00 log10(pixels)=3.00
-0.0644741485013451	1	18	log2(tiles)=2.50 log10(pixels)=3.50
0.0682258936139557	1	19	log2(tiles)=1.00 log10(pixels)=2.75
0.11846649219908	1	20	log2(tiles)=2.50 log10(pixels)=3.50
-0.0779021420642825	1	21	log2(tiles)=1.00 log10(pixels)=2.75
0.0766404436703421	1	22	log2(tiles)=1.00 log10(pixels)=3.00
-0.00863830616572736	1	23	log2(tiles)=0.00 log10(pixels)=1.50
0.00791845031405858	1	24	log2(tiles)=2.00 log10(pixels)=3.25
-0.0216462179787715	1	25	log2(tiles)=1.00 log10(pixels)=2.75
-0.0296303675486054	1	26	log2(tiles)=3.25 log10(pixels)=3.25
-0.110833915635467	1	27	log2(tiles)=1.50 log10(pixels)=3.50
-0.0306687130162735	1	28	log2(tiles)=1.00 log10(pixels)=2.75
0.0831441431430524	1	29	log2(tiles)=1.00 log10(pixels)=3.00
0.111727836017593	1	30	log2(tiles)=1.00 log10(pixels)=2.25
-0.116184634019569	1	31	log2(tiles)=1.00 log10(pixels)=2.50
0.037819095073274	1	32	log2(tiles)=1.00 log10(pixels)=2.50
-0.10359627377693	1	33	log2(tiles)=1.00 log10(pixels)=2.75
-0.108462542327436	1	34	log2(tiles)=2.00 log10(pixels)=3.00
-0.116184634019569	2	35	log2(tiles)=1.00 log10(pixels)=2.50
0.0902457615679317	1	36	log2(tiles)=2.25 log10(pixels)=3.25
-0.0404849854573692	1	37	log2(tiles)=1.00 log10(pixels)=2.25
-0.076058001365912	1	38	log2(tiles)=0.00 log10(pixels)=2.75
0.0797835966168101	1	39	log2(tiles)=0.00 log10(pixels)=1.50
-0.063837352959244	1	40	log2(tiles)=1.00 log10(pixels)=2.50
-0.0969100130080565	1	41	log2(tiles)=1.00 log10(pixels)=2.00
-0.0331323796458904	1	42	log2(tiles)=0.00 log10(pixels)=2.50
-0.0379016188648444	1	43	log2(tiles)=2.00 log10(pixels)=3.50
0.0111758131557314	1	44	log2(tiles)=1.00 log10(pixels)=2.75
-0.00696195131370558	1	45	log2(tiles)=1.00 log10(pixels)=2.25
-0.0152297048390837	1	46	log2(tiles)=2.00 log10(pixels)=3.25
-0.0579919469776868	1	47	log2(tiles)=1.00 log10(pixels)=3.00
0.0869567370595505	1	48	log2(tiles)=2.00 log10(pixels)=2.75
0.0353298350107671	1	49	log2(tiles)=1.00 log10(pixels)=2.75
0.0748164406451748	1	50	log2(tiles)=1.50 log10(pixels)=3.00
-0.00696195131370558	1	51	log2(tiles)=0.00 log10(pixels)=2.25
-0.0259851886271361	1	52	log2(tiles)=2.00 log10(pixels)=3.25
0.0927963951755801	1	53	log2(tiles)=2.75 log10(pixels)=3.75
0.1061244442423	1	54	log2(tiles)=1.00 log10(pixels)=2.75
-0.0362167006646956	1	55	log2(tiles)=1.00 log10(pixels)=3.25
0.0340261060561349	1	56	log2(tiles)=0.00 log10(pixels)=2.50
0.115950051656401	1	57	log2(tiles)=1.00 log10(pixels)=2.50
-0.0290142558462607	1	58	log2(tiles)=1.50 log10(pixels)=2.75
0.104108439147401	1	59	log2(tiles)=2.00 log10(pixels)=2.25
0.00974336759772498	1	60	log2(tiles)=3.25 log10(pixels)=3.75
0.119093330626743	1	61	log2(tiles)=1.00 log10(pixels)=2.50
-0.040005161671584	1	62	log2(tiles)=1.50 log10(pixels)=3.00
-0.0574958938319194	1	63	log2(tiles)=1.00 log10(pixels)=3.00
0.000420002308894052	1	64	log2(tiles)=1.00 log10(pixels)=2.25
-0.114516253185088	1	65	log2(tiles)=1.50 log10(pixels)=2.75
0.02232170672292	1	66	log2(tiles)=1.00 log10(pixels)=2.75
-0.11975822410452	1	67	log2(tiles)=1.50 log10(pixels)=3.00
-0.113279432843593	1	68	log2(tiles)=0.00 log10(pixels)=2.25
0.120403905279027	1	69	log2(tiles)=1.50 log10(pixels)=2.75
0.0105483726369795	1	70	log2(tiles)=1.00 log10(pixels)=3.25
-0.108525889495901	1	71	log2(tiles)=1.50 log10(pixels)=2.75
-0.0520671344078196	1	72	log2(tiles)=2.50 log10(pixels)=3.50
-0.0475116829399065	1	73	log2(tiles)=1.50 log10(pixels)=3.25
0.0995555909859802	1	74	log2(tiles)=2.00 log10(pixels)=3.50
-0.085026652029182	1	75	log2(tiles)=0.00 log10(pixels)=1.50
0.111723308007342	1	76	log2(tiles)=1.00 log10(pixels)=2.50
0.0774917998372251	1	77	log2(tiles)=1.00 log10(pixels)=2.50
0.0623889493705918	1	78	log2(tiles)=1.50 log10(pixels)=3.25
-0.0404849854573692	1	79	log2(tiles)=0.00 log10(pixels)=2.25
0.103803720955957	1	80	log2(tiles)=2.00 log10(pixels)=3.00
-0.08838029403677	1	81	log2(tiles)=1.00 log10(pixels)=2.50
-0.117442678091214	1	82	log2(tiles)=2.25 log10(pixels)=3.50
-0.024905478918531	1	83	log2(tiles)=1.00 log10(pixels)=2.75
0.0860037056183818	1	84	log2(tiles)=2.00 log10(pixels)=3.00
0.0910646070264991	1	85	log2(tiles)=0.00 log10(pixels)=1.50
-0.107654844638796	1	86	log2(tiles)=2.00 log10(pixels)=3.50
-0.106985199745905	1	87	log2(tiles)=2.00 log10(pixels)=3.25
0.0178976160180908	1	88	log2(tiles)=1.50 log10(pixels)=2.75
-0.0452752090209372	1	89	log2(tiles)=1.00 log10(pixels)=3.00
-0.0931480989299889	1	90	log2(tiles)=2.00 log10(pixels)=3.25
0.0673008783933211	1	91	log2(tiles)=2.50 log10(pixels)=3.75
0.0831471119127851	1	92	log2(tiles)=1.50 log10(pixels)=2.75
0.00767857486918455	1	93	log2(tiles)=2.00 log10(pixels)=2.25
-0.112510270487489	1	94	log2(tiles)=1.00 log10(pixels)=2.75
-0.0257837359237447	1	95	log2(tiles)=1.00 log10(pixels)=2.50
-0.0132282657337552	1	96	log2(tiles)=1.50 log10(pixels)=3.00
-0.00392634551472471	1	97	log2(tiles)=1.00 log10(pixels)=3.00
0.0288744720027396	1	98	log2(tiles)=1.00 log10(pixels)=2.75
-0.0767559813697236	1	99	log2(tiles)=1.50 log10(pixels)=3.00
-0.10078088734462	1	100	log2(tiles)=1.00 log10(pixels)=2.25
0.0675653695597807	1	101	log2(tiles)=2.00 log10(pixels)=2.75
0.0948203803548	1	102	log2(tiles)=2.00 log10(pixels)=3.00
0.036041210242554	1	103	log2(tiles)=1.00 log10(pixels)=2.75
-0.0100415205751654	1	104	log2(tiles)=1.00 log10(pixels)=2.50
0.037801729930226	1	105	log2(tiles)=1.00 log10(pixels)=2.25
-0.0571538848111581	1	106	log2(tiles)=2.00 log10(pixels)=3.25
-0.0779021420642825	1	107	log2(tiles)=0.00 log10(pixels)=2.75
-0.110833915635467	1	108	log2(tiles)=1.00 log10(pixels)=2.50
-0.0946639625349381	1	109	log2(tiles)=1.50 log10(pixels)=2.25
0.0413926851582249	1	110	log2(tiles)=1.00 log10(pixels)=3.00
-0.0783960731301687	1	111	log2(tiles)=0.00 log10(pixels)=2.50
0.0844537511509307	1	112	log2(tiles)=1.00 log10(pixels)=2.25
-0.0257241303992108	1	113	log2(tiles)=0.00 log10(pixels)=2.75
-0.0128073572952627	1	114	log2(tiles)=1.00 log10(pixels)=2.75
-0.0355104525660286	1	115	log2(tiles)=2.50 log10(pixels)=3.50
-0.124360062995831	1	116	log2(tiles)=1.50 log10(pixels)=3.00
-0.100326278518962	1	117	log2(tiles)=0.00 log10(pixels)=2.50
0.103803720955957	1	118	log2(tiles)=0.00 log10(pixels)=2.00
0	1	119	log2(tiles)=1.50 log10(pixels)=3.00
-0.00307035192678518	1	120	log2(tiles)=0.00 log10(pixels)=2.50
-0.122693748931801	1	121	log2(tiles)=2.25 log10(pixels)=3.50
0.0390760987927767	1	122	log2(tiles)=1.00 log10(pixels)=2.50
-0.113509274827518	1	123	log2(tiles)=0.00 log10(pixels)=2.00
0.0934216851622351	1	124	log2(tiles)=0.00 log10(pixels)=2.00
-0.0362121726544447	1	125	log2(tiles)=0.00 log10(pixels)=2.00
0.0519239160461065	1	126	log2(tiles)=2.00 log10(pixels)=3.00
-0.11975822410452	2	127	log2(tiles)=1.50 log10(pixels)=3.00
0.0553513694466239	1	128	log2(tiles)=0.00 log10(pixels)=2.25
-0.0893755951107988	1	129	log2(tiles)=4.00 log10(pixels)=3.00
-0.0797382846050425	1	130	log2(tiles)=1.00 log10(pixels)=2.25
0.122912002970107	1	131	log2(tiles)=0.00 log10(pixels)=2.25
-0.110120913598764	1	132	log2(tiles)=1.00 log10(pixels)=2.25
-0.102372908709559	1	133	log2(tiles)=0.00 log10(pixels)=2.00
0.0773692730538254	1	134	log2(tiles)=2.00 log10(pixels)=2.75
0.0415792439465807	1	135	log2(tiles)=0.00 log10(pixels)=2.50
0.124748346010104	1	136	log2(tiles)=1.00 log10(pixels)=2.25
-0.0246907182741372	1	137	log2(tiles)=1.00 log10(pixels)=2.25
0.0293837776852097	1	138	log2(tiles)=0.00 log10(pixels)=2.00
0.05307844348342	2	139	log2(tiles)=0.00 log10(pixels)=2.00
-0.0550240915879519	1	140	log2(tiles)=2.00 log10(pixels)=3.00
-0.119186407719209	1	141	log2(tiles)=0.00 log10(pixels)=2.00
-0.0590909179347823	1	142	log2(tiles)=1.50 log10(pixels)=2.50
0.0150537885040145	1	143	log2(tiles)=2.25 log10(pixels)=3.25
0.03655844257153	1	144	log2(tiles)=1.50 log10(pixels)=2.50
0.0904441148401185	1	145	log2(tiles)=1.00 log10(pixels)=2.25
-0.08838029403677	1	146	log2(tiles)=0.00 log10(pixels)=2.50
-0.0114492834995557	1	147	log2(tiles)=2.75 log10(pixels)=3.50
0.0423916894982539	1	148	log2(tiles)=1.00 log10(pixels)=2.75
-0.11726273423867	1	149	log2(tiles)=2.50 log10(pixels)=3.50
0.0910646070264991	2	150	log2(tiles)=0.00 log10(pixels)=1.50
0.0644579892269186	1	151	log2(tiles)=0.00 log10(pixels)=2.00
-0.0686362358410126	1	152	log2(tiles)=0.00 log10(pixels)=1.50
0.0711452904510828	1	153	log2(tiles)=2.75 log10(pixels)=3.00
0.0445397603924111	1	154	log2(tiles)=1.50 log10(pixels)=3.00
-0.0633637307377066	1	155	log2(tiles)=1.00 log10(pixels)=2.75
-0.0891345219961308	1	156	log2(tiles)=1.50 log10(pixels)=2.75
0.0692980121155293	1	157	log2(tiles)=1.50 log10(pixels)=3.00
0.121176281775035	1	158	log2(tiles)=1.00 log10(pixels)=2.50
0.113609151073028	1	159	log2(tiles)=1.00 log10(pixels)=3.00
-0.0540392964224314	1	160	log2(tiles)=1.00 log10(pixels)=3.00
0.0211892990699383	1	161	log2(tiles)=1.00 log10(pixels)=2.00
0.0390760987927767	1	162	log2(tiles)=2.00 log10(pixels)=2.50
-0.0222763947111522	1	163	log2(tiles)=0.00 log10(pixels)=2.00
0.0178976160180908	1	164	log2(tiles)=1.00 log10(pixels)=2.75
0.0850561017201161	1	165	log2(tiles)=1.50 log10(pixels)=2.75
-0.082547047110046	1	166	log2(tiles)=1.00 log10(pixels)=2.75
0.02415784926368	1	167	log2(tiles)=1.00 log10(pixels)=2.25
0.0635809885681917	1	168	log2(tiles)=1.00 log10(pixels)=2.75
-0.10078088734462	1	169	log2(tiles)=0.00 log10(pixels)=2.25
-0.119788758288394	1	170	log2(tiles)=1.00 log10(pixels)=1.50
0.113943352306837	1	171	log2(tiles)=1.00 log10(pixels)=2.00
0.000420002308894052	1	172	log2(tiles)=1.50 log10(pixels)=2.25
0.103144372620182	1	173	log2(tiles)=1.50 log10(pixels)=2.50
0.0440680443502757	1	174	log2(tiles)=0.00 log10(pixels)=2.50
0.0240749873074262	1	175	log2(tiles)=1.50 log10(pixels)=3.00
-0.029891911959945	1	176	log2(tiles)=1.00 log10(pixels)=2.25
0.00920252233110297	1	177	log2(tiles)=0.00 log10(pixels)=2.50
0.0760748027008265	1	178	log2(tiles)=1.50 log10(pixels)=2.75
-0.0797382846050425	2	179	log2(tiles)=1.00 log10(pixels)=2.25
-0.0788339493622612	1	180	log2(tiles)=2.00 log10(pixels)=3.00
0.0877109650189114	1	181	log2(tiles)=1.00 log10(pixels)=2.50
-0.0829782042097436	1	182	log2(tiles)=2.00 log10(pixels)=3.25
-0.123659632624958	1	183	log2(tiles)=2.00 log10(pixels)=2.75
0.0994194137968996	1	184	log2(tiles)=1.50 log10(pixels)=2.75
-0.0199930570428495	1	185	log2(tiles)=1.00 log10(pixels)=2.50
0.0492180226701815	1	186	log2(tiles)=2.00 log10(pixels)=3.00
0.0400346113625178	1	187	log2(tiles)=1.00 log10(pixels)=2.25
0.117355921026019	1	188	log2(tiles)=1.00 log10(pixels)=2.25
0.068201724066995	1	189	log2(tiles)=1.00 log10(pixels)=1.50
-0.035156151952302	1	190	log2(tiles)=0.00 log10(pixels)=2.25
-0.075118363368933	1	191	log2(tiles)=1.00 log10(pixels)=2.50
0.0751878449276608	1	192	log2(tiles)=0.00 log10(pixels)=2.50
0.0409884750888159	1	193	log2(tiles)=2.00 log10(pixels)=2.75
-0.0757207139381184	1	194	log2(tiles)=0.00 log10(pixels)=2.00
-0.0541003475907664	1	195	log2(tiles)=2.00 log10(pixels)=3.25
-0.0856471442155629	1	196	log2(tiles)=1.00 log10(pixels)=2.25
-0.116461091629783	1	197	log2(tiles)=0.00 log10(pixels)=2.25
0.0465426634781312	1	198	log2(tiles)=1.50 log10(pixels)=2.50
0.0253058652647704	1	199	log2(tiles)=1.00 log10(pixels)=2.00
0.0938554226231609	1	200	log2(tiles)=1.00 log10(pixels)=2.75
0.0965970956264601	1	201	log2(tiles)=1.00 log10(pixels)=2.50
0.000420002308894052	1	202	log2(tiles)=0.00 log10(pixels)=2.25
0.00527250510330601	1	203	log2(tiles)=1.50 log10(pixels)=2.25
0.0987905067631152	1	204	log2(tiles)=0.00 log10(pixels)=2.50
-0.106547323513813	1	205	log2(tiles)=0.00 log10(pixels)=1.75
0.0331886910752575	1	206	log2(tiles)=0.00 log10(pixels)=2.75
0.0680633349627615	1	207	log2(tiles)=1.00 log10(pixels)=2.25
-0.106985199745905	1	208	log2(tiles)=1.00 log10(pixels)=2.25
-0.00945075171740051	1	209	log2(tiles)=1.50 log10(pixels)=2.25
-0.106985199745905	1	210	log2(tiles)=0.00 log10(pixels)=2.25
0.0791812460476249	1	211	log2(tiles)=0.00 log10(pixels)=1.00
0.0334237554869499	1	212	log2(tiles)=1.00 log10(pixels)=2.00
0.003790683057181	1	213	log2(tiles)=0.00 log10(pixels)=2.50
0.0328308052025919	1	214	log2(tiles)=2.50 log10(pixels)=3.75
0.0422560713564759	1	215	log2(tiles)=0.00 log10(pixels)=2.25
-0.0170038896078464	1	216	log2(tiles)=0.00 log10(pixels)=2.25
-0.024905478918531	2	217	log2(tiles)=1.00 log10(pixels)=2.75
0.0124510897304293	1	218	log2(tiles)=1.00 log10(pixels)=2.25
0.0293837776852097	2	219	log2(tiles)=0.00 log10(pixels)=2.00
0.101059354908116	1	220	log2(tiles)=1.00 log10(pixels)=3.00
0.107209969647868	1	221	log2(tiles)=0.00 log10(pixels)=2.00
-0.0528419686577806	1	222	log2(tiles)=2.00 log10(pixels)=2.50
0.0722192947339191	1	223	log2(tiles)=0.00 log10(pixels)=2.25
-0.0436339668709569	1	224	log2(tiles)=1.00 log10(pixels)=2.50
-0.0272435506827877	1	225	log2(tiles)=1.00 log10(pixels)=2.50
0.0904441148401185	2	226	log2(tiles)=1.00 log10(pixels)=2.25
-0.0714816209598861	1	227	log2(tiles)=1.50 log10(pixels)=2.75
-0.0840727883028842	1	228	log2(tiles)=2.25 log10(pixels)=3.00
-0.11069829749369	1	229	log2(tiles)=2.00 log10(pixels)=3.00
0.0553513694466239	1	230	log2(tiles)=2.50 log10(pixels)=3.25
-0.119572124974976	1	231	log2(tiles)=1.00 log10(pixels)=2.75
-0.106985199745905	2	232	log2(tiles)=0.00 log10(pixels)=2.25
0.0472675408307164	1	233	log2(tiles)=1.50 log10(pixels)=2.75
0.0820633629117089	1	234	log2(tiles)=1.00 log10(pixels)=2.50
-0.114393726401688	1	235	log2(tiles)=0.00 log10(pixels)=2.50
0.105834495884936	1	236	log2(tiles)=2.00 log10(pixels)=3.25
-0.0325160557860937	1	237	log2(tiles)=1.50 log10(pixels)=2.25
0.0314084642516241	1	238	log2(tiles)=1.00 log10(pixels)=3.00
0.113943352306837	1	239	log2(tiles)=0.00 log10(pixels)=2.00
0.0662412999917832	1	240	log2(tiles)=1.50 log10(pixels)=2.75
-0.0290142558462607	2	241	log2(tiles)=1.50 log10(pixels)=2.75
0.00285303097989331	1	242	log2(tiles)=1.00 log10(pixels)=2.25
0.0310333672477277	1	243	log2(tiles)=0.00 log10(pixels)=2.25
0.107209969647868	1	244	log2(tiles)=1.00 log10(pixels)=2.00
-0.000312917381596112	1	245	log2(tiles)=2.00 log10(pixels)=2.50
0.014547752660286	1	246	log2(tiles)=1.00 log10(pixels)=2.50
0.0423916894982539	1	247	log2(tiles)=1.00 log10(pixels)=1.75
-0.0506099933550872	1	248	log2(tiles)=0.00 log10(pixels)=2.00
0.0440680443502757	1	249	log2(tiles)=0.00 log10(pixels)=1.50
-0.0142785735184199	1	250	log2(tiles)=1.50 log10(pixels)=2.50
-0.0681564120552274	1	251	log2(tiles)=1.00 log10(pixels)=2.25
-0.0246907182741372	2	252	log2(tiles)=1.00 log10(pixels)=2.25
-0.1249387366083	1	253	log2(tiles)=0.00 log10(pixels)=2.00
-0.0218194830625862	1	254	log2(tiles)=2.00 log10(pixels)=3.00
-0.103871964321762	1	255	log2(tiles)=0.00 log10(pixels)=2.25
0.0969100130080562	1	256	log2(tiles)=0.00 log10(pixels)=2.00
-0.119666231504994	1	257	log2(tiles)=0.00 log10(pixels)=2.25
-0.0221132953863266	1	258	log2(tiles)=1.50 log10(pixels)=2.25
-0.0969100130080565	1	259	log2(tiles)=0.00 log10(pixels)=2.00
-0.113279432843593	1	260	log2(tiles)=1.00 log10(pixels)=2.25
-0.0555173278498313	1	261	log2(tiles)=0.00 log10(pixels)=2.00
0.0334237554869499	2	262	log2(tiles)=1.00 log10(pixels)=2.00
-0.0739087409443187	1	263	log2(tiles)=1.00 log10(pixels)=2.25
0.0899051114393981	1	264	log2(tiles)=0.00 log10(pixels)=2.00
-0.119788758288394	1	265	log2(tiles)=0.00 log10(pixels)=2.50
0.0569048513364727	1	266	log2(tiles)=0.00 log10(pixels)=2.00
0.0969100130080562	2	267	log2(tiles)=0.00 log10(pixels)=2.00
0.100370545117563	1	268	log2(tiles)=0.00 log10(pixels)=2.00
0.121176281775035	2	269	log2(tiles)=1.00 log10(pixels)=2.50
-0.119788758288394	1	270	log2(tiles)=0.00 log10(pixels)=1.50
-0.1249387366083	2	271	log2(tiles)=0.00 log10(pixels)=2.00
0.0824384599156054	1	272	log2(tiles)=1.00 log10(pixels)=2.25
-0.0783960731301687	1	273	log2(tiles)=2.00 log10(pixels)=2.50
-0.103561864714226	1	274	log2(tiles)=2.00 log10(pixels)=3.25
-0.0606673061697372	1	275	log2(tiles)=1.00 log10(pixels)=2.50
0.0825089127062364	1	276	log2(tiles)=0.00 log10(pixels)=1.75
-0.0141246426916064	1	277	log2(tiles)=1.50 log10(pixels)=3.00
0.0622446968003692	1	278	log2(tiles)=1.50 log10(pixels)=2.75
0.00527250510330601	1	279	log2(tiles)=0.00 log10(pixels)=1.25
-0.103871964321762	2	280	log2(tiles)=0.00 log10(pixels)=2.25
-0.0181813928293364	1	281	log2(tiles)=1.00 log10(pixels)=3.00
-0.0272435506827877	2	282	log2(tiles)=1.00 log10(pixels)=2.50
0.00285303097989331	2	283	log2(tiles)=1.00 log10(pixels)=2.25
-0.067585347565446	1	284	log2(tiles)=2.00 log10(pixels)=3.25
0.055378331375	1	285	log2(tiles)=3.00 log10(pixels)=3.00
-0.0919886033428874	1	286	log2(tiles)=1.00 log10(pixels)=2.75
0.0134279935629373	1	287	log2(tiles)=0.00 log10(pixels)=1.75
0.0587085705331658	1	288	log2(tiles)=1.00 log10(pixels)=2.50
-0.0779021420642825	1	289	log2(tiles)=1.00 log10(pixels)=1.75
-0.086299074610352	1	290	log2(tiles)=1.00 log10(pixels)=2.75
0.0865873046717551	1	291	log2(tiles)=1.00 log10(pixels)=2.50
0.0453229787866576	1	292	log2(tiles)=1.00 log10(pixels)=2.00
-0.10078088734462	2	293	log2(tiles)=1.00 log10(pixels)=2.25
0.121176281775035	3	294	log2(tiles)=1.00 log10(pixels)=2.50
-0.00649023527157011	1	295	log2(tiles)=1.50 log10(pixels)=2.75
0.0888490907372552	1	296	log2(tiles)=1.50 log10(pixels)=2.75
0.00514997831990605	1	297	log2(tiles)=0.00 log10(pixels)=1.50
-0.106547323513813	2	298	log2(tiles)=0.00 log10(pixels)=1.75
-0.0257241303992108	1	299	log2(tiles)=0.00 log10(pixels)=1.75
0.113322860120456	1	300	log2(tiles)=0.00 log10(pixels)=1.75
0.0171717284030137	1	301	log2(tiles)=1.00 log10(pixels)=2.25
-0.00568284733036339	1	302	log2(tiles)=2.00 log10(pixels)=3.00
0.0791812460476249	2	303	log2(tiles)=0.00 log10(pixels)=1.00
0.0797835966168101	1	304	log2(tiles)=1.00 log10(pixels)=1.50
0.0477747053878224	1	305	log2(tiles)=2.00 log10(pixels)=2.50
0.0783796034387376	1	306	log2(tiles)=0.00 log10(pixels)=2.25
0.119030221809153	1	307	log2(tiles)=2.25 log10(pixels)=3.25
-0.0216462179787715	1	308	log2(tiles)=1.50 log10(pixels)=2.75
0.0334237554869499	3	309	log2(tiles)=1.00 log10(pixels)=2.00
-0.00448733218585007	1	310	log2(tiles)=1.00 log10(pixels)=2.25
0.0208520116421442	1	311	log2(tiles)=1.00 log10(pixels)=2.75
0.0863598306747484	1	312	log2(tiles)=1.00 log10(pixels)=2.00
-0.0739087409443187	1	313	log2(tiles)=0.00 log10(pixels)=2.25
-0.0325160557860937	1	314	log2(tiles)=0.00 log10(pixels)=2.25
0.0763358609287517	1	315	log2(tiles)=1.00 log10(pixels)=2.25
0.0215874808812555	1	316	log2(tiles)=2.00 log10(pixels)=2.75
-0.0144715530924513	1	317	log2(tiles)=1.00 log10(pixels)=2.25
0.104108439147401	1	318	log2(tiles)=1.00 log10(pixels)=2.25
0.0493405494535817	1	319	log2(tiles)=0.00 log10(pixels)=1.75
-0.0655015487564323	1	320	log2(tiles)=0.00 log10(pixels)=2.00
0.103803720955957	1	321	log2(tiles)=1.00 log10(pixels)=2.00
0.0705429398818973	1	322	log2(tiles)=1.00 log10(pixels)=2.50
-0.119666231504994	1	323	log2(tiles)=1.00 log10(pixels)=2.25
-0.0741724253752576	1	324	log2(tiles)=2.00 log10(pixels)=3.00
0.0827853703164498	1	325	log2(tiles)=1.00 log10(pixels)=2.00
-0.0385789059335515	1	326	log2(tiles)=1.00 log10(pixels)=3.00
0.101258348719075	1	327	log2(tiles)=1.00 log10(pixels)=1.75
-0.0969100130080565	2	328	log2(tiles)=1.00 log10(pixels)=2.00
0.0681858617461617	2	329	log2(tiles)=1.00 log10(pixels)=2.00
-0.0228787452803376	1	330	log2(tiles)=0.00 log10(pixels)=1.50
-0.0144715530924513	2	331	log2(tiles)=1.00 log10(pixels)=2.25
-0.105548319173784	1	332	log2(tiles)=1.00 log10(pixels)=2.50
-0.0119538968712045	1	333	log2(tiles)=0.00 log10(pixels)=2.25
0.117271295655764	1	334	log2(tiles)=0.00 log10(pixels)=2.00
-0.0325160557860937	1	335	log2(tiles)=1.00 log10(pixels)=2.25
-0.0457574905606752	1	336	log2(tiles)=1.00 log10(pixels)=2.00
-0.0861861476162833	1	337	log2(tiles)=1.00 log10(pixels)=2.00
0.068201724066995	1	338	log2(tiles)=0.00 log10(pixels)=1.50
-0.0265443279648143	1	339	log2(tiles)=1.00 log10(pixels)=2.75
-0.10790539730952	1	340	log2(tiles)=0.00 log10(pixels)=2.00
-0.0176062401770314	1	341	log2(tiles)=0.00 log10(pixels)=1.75
-0.0783960731301687	2	342	log2(tiles)=0.00 log10(pixels)=2.50
-0.0814454694497266	1	343	log2(tiles)=1.50 log10(pixels)=3.00
0.037801729930226	1	344	log2(tiles)=0.00 log10(pixels)=2.25
-0.0072748686953017	1	345	log2(tiles)=1.00 log10(pixels)=2.75
0.0863598306747484	2	346	log2(tiles)=1.00 log10(pixels)=2.00
0.0413926851582249	2	347	log2(tiles)=1.00 log10(pixels)=3.00
0.0453071164658239	1	348	log2(tiles)=1.00 log10(pixels)=2.50
0.0791812460476247	1	349	log2(tiles)=1.00 log10(pixels)=2.00
0.0185139398778875	1	350	log2(tiles)=0.00 log10(pixels)=1.50
-0.0809219076239261	1	351	log2(tiles)=0.00 log10(pixels)=2.00
-0.0257241303992108	2	352	log2(tiles)=0.00 log10(pixels)=1.75
-0.0409586076789064	1	353	log2(tiles)=0.00 log10(pixels)=2.00
-0.0119538968712045	2	354	log2(tiles)=0.00 log10(pixels)=2.25
-0.105548319173784	2	355	log2(tiles)=1.00 log10(pixels)=2.50
-0.0816987086802548	1	356	log2(tiles)=1.00 log10(pixels)=2.50
-0.0952844547213192	1	357	log2(tiles)=1.00 log10(pixels)=3.00
0.0786392099680722	1	358	log2(tiles)=1.00 log10(pixels)=2.50
0.103698211776174	1	359	log2(tiles)=0.00 log10(pixels)=2.75
-0.0900668766687054	1	360	log2(tiles)=1.00 log10(pixels)=2.50
-0.0376306643299791	1	361	log2(tiles)=1.50 log10(pixels)=3.00
-0.117982957425132	1	362	log2(tiles)=1.50 log10(pixels)=2.50
-0.0272835288524167	1	363	log2(tiles)=0.00 log10(pixels)=2.25
-0.0268721464003014	1	364	log2(tiles)=1.00 log10(pixels)=2.00
0.0115007731982804	1	365	log2(tiles)=2.25 log10(pixels)=3.25
-0.00448733218585007	1	366	log2(tiles)=0.00 log10(pixels)=2.25
0.0531960574204891	1	367	log2(tiles)=0.00 log10(pixels)=2.25
-0.0228787452803376	2	368	log2(tiles)=0.00 log10(pixels)=1.50
-0.0757207139381184	2	369	log2(tiles)=0.00 log10(pixels)=2.00
0.014547752660286	1	370	log2(tiles)=2.00 log10(pixels)=2.50
0.0310369386211318	1	371	log2(tiles)=2.25 log10(pixels)=2.75
0.075546961392531	1	372	log2(tiles)=0.00 log10(pixels)=2.00
0.075546961392531	1	373	log2(tiles)=1.00 log10(pixels)=2.00
0.0606978403536118	1	374	log2(tiles)=0.00 log10(pixels)=2.00
-0.085026652029182	2	375	log2(tiles)=0.00 log10(pixels)=1.50
-0.0268721464003014	2	376	log2(tiles)=1.00 log10(pixels)=2.00
-0.0306687130162735	2	377	log2(tiles)=1.00 log10(pixels)=2.75
0.0569048513364727	1	378	log2(tiles)=1.00 log10(pixels)=2.00
0.0797835966168101	1	379	log2(tiles)=0.00 log10(pixels)=2.50
0.0786598965353198	1	380	log2(tiles)=1.00 log10(pixels)=2.75
-0.113509274827518	1	381	log2(tiles)=1.00 log10(pixels)=2.00
0.100370545117563	2	382	log2(tiles)=0.00 log10(pixels)=2.00
-0.0916375079047502	1	383	log2(tiles)=0.00 log10(pixels)=2.25
0.113322860120456	2	384	log2(tiles)=0.00 log10(pixels)=1.75
0.0208520116421442	1	385	log2(tiles)=1.00 log10(pixels)=1.75
0.0717088318086878	1	386	log2(tiles)=1.00 log10(pixels)=2.50
-0.0128616245228135	1	387	log2(tiles)=0.00 log10(pixels)=2.50
-0.0177287669604316	1	388	log2(tiles)=1.00 log10(pixels)=2.00
-0.0528419686577808	1	389	log2(tiles)=0.00 log10(pixels)=1.50
-0.0195510786217259	1	390	log2(tiles)=0.00 log10(pixels)=2.25
0.0659703454569178	1	391	log2(tiles)=1.00 log10(pixels)=2.25
-0.0257241303992108	1	392	log2(tiles)=1.00 log10(pixels)=1.75
0.0950980400142568	1	393	log2(tiles)=0.00 log10(pixels)=0.75
0.113322860120456	1	394	log2(tiles)=1.00 log10(pixels)=1.75
-0.114393726401688	1	395	log2(tiles)=1.50 log10(pixels)=2.50
0.0569048513364727	2	396	log2(tiles)=0.00 log10(pixels)=2.00
0.057496037913213	1	397	log2(tiles)=1.50 log10(pixels)=2.25
0.121887985103681	1	398	log2(tiles)=3.25 log10(pixels)=3.00
0.112783856719735	1	399	log2(tiles)=0.00 log10(pixels)=1.50
-0.0431741239681505	1	400	log2(tiles)=0.00 log10(pixels)=2.25
0.0781756614383227	1	401	log2(tiles)=1.50 log10(pixels)=3.25
-0.0654310959658013	1	402	log2(tiles)=0.00 log10(pixels)=2.50
-0.0915149811213503	1	403	log2(tiles)=1.00 log10(pixels)=2.00
0.0907332346118066	1	404	log2(tiles)=1.50 log10(pixels)=2.75
0.0824384599156054	1	405	log2(tiles)=0.00 log10(pixels)=2.25
-0.0916375079047502	1	406	log2(tiles)=1.00 log10(pixels)=2.25
-0.0967874862246563	1	407	log2(tiles)=0.00 log10(pixels)=1.75
0.00514997831990605	2	408	log2(tiles)=0.00 log10(pixels)=1.50
0.0827853703164498	1	409	log2(tiles)=0.00 log10(pixels)=2.00
0.107455023214669	1	410	log2(tiles)=2.00 log10(pixels)=2.50
-0.0644927341752872	1	411	log2(tiles)=1.00 log10(pixels)=3.00
-0.0606673061697372	2	412	log2(tiles)=1.00 log10(pixels)=2.50
-0.0243288116755704	1	413	log2(tiles)=0.00 log10(pixels)=2.50
0.068201724066995	2	414	log2(tiles)=0.00 log10(pixels)=1.50
-0.0404849854573692	2	415	log2(tiles)=1.00 log10(pixels)=2.25
0.102182518111363	1	416	log2(tiles)=0.00 log10(pixels)=2.25
0.00285303097989331	1	417	log2(tiles)=2.00 log10(pixels)=2.25
-0.0132282657337552	1	418	log2(tiles)=1.00 log10(pixels)=2.00
-0.0486028756795487	1	419	log2(tiles)=0.00 log10(pixels)=2.25
-0.076813731587726	1	420	log2(tiles)=1.00 log10(pixels)=2.25
0.0250448070368452	1	421	log2(tiles)=1.00 log10(pixels)=2.50
0.0797835966168101	2	422	log2(tiles)=0.00 log10(pixels)=1.50
0.00587485567249146	1	423	log2(tiles)=1.00 log10(pixels)=1.75
-0.0598039199714864	1	424	log2(tiles)=1.00 log10(pixels)=1.75
-0.00863830616572736	2	425	log2(tiles)=0.00 log10(pixels)=1.50
-0.0378123955960423	1	426	log2(tiles)=0.00 log10(pixels)=2.25
0.123249290397901	1	427	log2(tiles)=0.00 log10(pixels)=1.50
0	1	428	log2(tiles)=0.00 log10(pixels)=2.00
0.0563025007672873	1	429	log2(tiles)=0.00 log10(pixels)=1.50
-0.0257241303992108	3	430	log2(tiles)=0.00 log10(pixels)=1.75
-0.0598039199714864	2	431	log2(tiles)=1.00 log10(pixels)=1.75
0.00587485567249146	2	432	log2(tiles)=1.00 log10(pixels)=1.75
0.0493405494535817	1	433	log2(tiles)=1.00 log10(pixels)=1.75
-0.00877392430750512	1	434	log2(tiles)=1.00 log10(pixels)=2.00
0.00105926221775166	1	435	log2(tiles)=0.00 log10(pixels)=2.50
-0.109518563029578	1	436	log2(tiles)=0.00 log10(pixels)=2.75
-0.0967874862246563	2	437	log2(tiles)=0.00 log10(pixels)=1.75
-0.086299074610352	2	438	log2(tiles)=1.00 log10(pixels)=2.75
0.0334237554869499	1	439	log2(tiles)=0.00 log10(pixels)=2.00
0.113322860120456	2	440	log2(tiles)=1.00 log10(pixels)=1.75
0.0353298350107671	1	441	log2(tiles)=1.00 log10(pixels)=1.75
0.0561799739838871	1	442	log2(tiles)=0.00 log10(pixels)=1.75
0.0760748027008265	1	443	log2(tiles)=1.00 log10(pixels)=1.75
0.1061244442423	1	444	log2(tiles)=2.00 log10(pixels)=2.75
-0.10790539730952	2	445	log2(tiles)=0.00 log10(pixels)=2.00
0.0695439355418688	1	446	log2(tiles)=1.00 log10(pixels)=1.75
0.110589710299249	1	447	log2(tiles)=0.00 log10(pixels)=2.00
-0.0779021420642825	2	448	log2(tiles)=1.00 log10(pixels)=2.75
0.0969553250198238	1	449	log2(tiles)=0.00 log10(pixels)=2.75
-0.122895201635192	1	450	log2(tiles)=0.00 log10(pixels)=2.25
0.0274268223893115	1	451	log2(tiles)=1.00 log10(pixels)=2.75
0.0355573090077739	1	452	log2(tiles)=1.00 log10(pixels)=2.25
-0.0506099933550872	1	453	log2(tiles)=1.00 log10(pixels)=2.00
-0.0757207139381184	1	454	log2(tiles)=1.00 log10(pixels)=2.00
-0.0816987086802548	2	455	log2(tiles)=1.00 log10(pixels)=2.50
0.0124510897304293	1	456	log2(tiles)=0.00 log10(pixels)=2.25
-0.112962545210487	1	457	log2(tiles)=2.00 log10(pixels)=3.25
-0.0946639625349381	1	458	log2(tiles)=2.00 log10(pixels)=2.25
-0.113509274827518	2	459	log2(tiles)=0.00 log10(pixels)=2.00
-0.0510299956639813	1	460	log2(tiles)=0.00 log10(pixels)=1.75
0.0367514221455614	1	461	log2(tiles)=1.00 log10(pixels)=2.75
0.014547752660286	2	462	log2(tiles)=1.00 log10(pixels)=2.50
0.102059991327963	1	463	log2(tiles)=1.00 log10(pixels)=2.50
-0.0362121726544447	1	464	log2(tiles)=1.00 log10(pixels)=2.00
-0.0176062401770314	2	465	log2(tiles)=0.00 log10(pixels)=1.75
-0.0119538968712045	1	466	log2(tiles)=1.00 log10(pixels)=2.25
0.0638672203691533	1	467	log2(tiles)=2.00 log10(pixels)=2.25
0.0934216851622351	2	468	log2(tiles)=0.00 log10(pixels)=2.00
0.121176281775035	1	469	log2(tiles)=0.00 log10(pixels)=2.50
0.0314789170422551	1	470	log2(tiles)=0.00 log10(pixels)=1.50
0.0355573090077739	2	471	log2(tiles)=1.00 log10(pixels)=2.25
-0.0606673061697372	1	472	log2(tiles)=0.00 log10(pixels)=2.50
-0.088187314462739	1	473	log2(tiles)=1.00 log10(pixels)=2.75
-0.0969100130080565	2	474	log2(tiles)=0.00 log10(pixels)=2.00
0.0171717284030137	2	475	log2(tiles)=1.00 log10(pixels)=2.25
-0.119186407719209	1	476	log2(tiles)=1.00 log10(pixels)=2.00
0.122912002970107	2	477	log2(tiles)=0.00 log10(pixels)=2.25
-0.0886319977650252	1	478	log2(tiles)=0.00 log10(pixels)=2.25
-0.00492520841794253	1	479	log2(tiles)=1.00 log10(pixels)=2.75
0.0453229787866576	1	480	log2(tiles)=0.00 log10(pixels)=2.00
0.0507170782823851	1	481	log2(tiles)=2.00 log10(pixels)=2.75
0.037819095073274	1	482	log2(tiles)=0.00 log10(pixels)=2.50
-0.102014679316195	1	483	log2(tiles)=1.50 log10(pixels)=3.25
-0.0506099933550872	2	484	log2(tiles)=0.00 log10(pixels)=2.00
-0.0195510786217259	2	485	log2(tiles)=0.00 log10(pixels)=2.25
0.0561799739838871	2	486	log2(tiles)=0.00 log10(pixels)=1.75
-0.0339966563652008	1	487	log2(tiles)=0.00 log10(pixels)=1.75
-0.109064892896621	1	488	log2(tiles)=1.50 log10(pixels)=2.50
-0.110120913598764	2	489	log2(tiles)=1.00 log10(pixels)=2.25
-0.0734887386354246	1	490	log2(tiles)=1.00 log10(pixels)=2.50
-0.116531544420413	1	491	log2(tiles)=0.00 log10(pixels)=1.75
-0.113279432843593	2	492	log2(tiles)=1.00 log10(pixels)=2.25
0.0629133566428555	1	493	log2(tiles)=0.00 log10(pixels)=1.75
-0.119186407719209	2	494	log2(tiles)=0.00 log10(pixels)=2.00
-0.0221132953863266	1	495	log2(tiles)=1.00 log10(pixels)=2.25
0.0211892990699383	2	496	log2(tiles)=1.00 log10(pixels)=2.00
0.0287536009528289	1	497	log2(tiles)=1.00 log10(pixels)=1.25
0.112783856719735	2	498	log2(tiles)=0.00 log10(pixels)=1.50
-0.023191662661934	1	499	log2(tiles)=1.00 log10(pixels)=3.00
0.101258348719075	2	500	log2(tiles)=1.00 log10(pixels)=1.75
0.00860017176191752	1	501	log2(tiles)=0.00 log10(pixels)=2.00
-0.0176062401770314	3	502	log2(tiles)=0.00 log10(pixels)=1.75
-0.0797382846050425	1	503	log2(tiles)=0.00 log10(pixels)=2.25
-0.0257837359237447	2	504	log2(tiles)=1.00 log10(pixels)=2.50
0.113611979892144	1	505	log2(tiles)=1.00 log10(pixels)=2.25
-0.0458800173440752	1	506	log2(tiles)=0.00 log10(pixels)=1.25
-0.1249387366083	3	507	log2(tiles)=0.00 log10(pixels)=2.00
0.0561799739838871	3	508	log2(tiles)=0.00 log10(pixels)=1.75
0.037801729930226	2	509	log2(tiles)=1.00 log10(pixels)=2.25
0.0983048630481607	1	510	log2(tiles)=0.00 log10(pixels)=2.25
-0.103871964321762	3	511	log2(tiles)=0.00 log10(pixels)=2.25
-0.0967874862246563	3	512	log2(tiles)=0.00 log10(pixels)=1.75
-0.0486028756795487	1	513	log2(tiles)=1.00 log10(pixels)=2.25
0.05307844348342	3	514	log2(tiles)=0.00 log10(pixels)=2.00
0.0950980400142569	1	515	log2(tiles)=0.00 log10(pixels)=1.75
-0.0376020021010439	1	516	log2(tiles)=0.00 log10(pixels)=1.50
-0.0177287669604316	2	517	log2(tiles)=1.00 log10(pixels)=2.00
-0.0431741239681505	2	518	log2(tiles)=0.00 log10(pixels)=2.25
0.0718820073061255	1	519	log2(tiles)=0.00 log10(pixels)=2.00
-0.00445566245355167	1	520	log2(tiles)=1.00 log10(pixels)=2.50
0.00514997831990582	1	521	log2(tiles)=0.00 log10(pixels)=2.50
0.0193773260761385	1	522	log2(tiles)=1.00 log10(pixels)=2.75
-0.029891911959945	1	523	log2(tiles)=0.00 log10(pixels)=2.25
0	1	524	log2(tiles)=0.00 log10(pixels)=1.00
0.112783856719735	3	525	log2(tiles)=0.00 log10(pixels)=1.50
-0.00863830616572736	3	526	log2(tiles)=0.00 log10(pixels)=1.50
-0.102372908709559	2	527	log2(tiles)=0.00 log10(pixels)=2.00
0.00860017176191752	2	528	log2(tiles)=0.00 log10(pixels)=2.00
-0.0733063903751337	1	529	log2(tiles)=1.50 log10(pixels)=2.75
-0.0170038896078464	2	530	log2(tiles)=0.00 log10(pixels)=2.25
-0.0915149811213503	2	531	log2(tiles)=1.00 log10(pixels)=2.00
0.0440680443502757	2	532	log2(tiles)=0.00 log10(pixels)=1.50
-0.10790539730952	1	533	log2(tiles)=1.50 log10(pixels)=2.00
-0.0757207139381184	3	534	log2(tiles)=0.00 log10(pixels)=2.00
-0.0528419686577808	2	535	log2(tiles)=0.00 log10(pixels)=1.50
-0.0710230527068307	2	536	log2(tiles)=0.00 log10(pixels)=2.25
0.0629133566428555	1	537	log2(tiles)=1.00 log10(pixels)=1.75
0.0888317255942073	1	538	log2(tiles)=0.00 log10(pixels)=2.50
0.0264618041732443	1	539	log2(tiles)=0.00 log10(pixels)=2.25
0.103803720955957	2	540	log2(tiles)=0.00 log10(pixels)=2.00
0.0825089127062364	1	541	log2(tiles)=1.00 log10(pixels)=1.75
0.0170333392987803	1	542	log2(tiles)=0.00 log10(pixels)=2.00
-0.106547323513813	3	543	log2(tiles)=0.00 log10(pixels)=1.75
-0.10078088734462	2	544	log2(tiles)=0.00 log10(pixels)=2.25
-0.0325160557860937	2	545	log2(tiles)=1.00 log10(pixels)=2.25
-0.0176062401770314	4	546	log2(tiles)=0.00 log10(pixels)=1.75
0.0488530764097068	1	547	log2(tiles)=1.00 log10(pixels)=2.25
-0.0604807473813815	1	548	log2(tiles)=0.00 log10(pixels)=2.00
-0.0415790998652872	1	549	log2(tiles)=1.00 log10(pixels)=2.75
0.119231719730976	1	550	log2(tiles)=0.00 log10(pixels)=1.75
0.0569048513364727	3	551	log2(tiles)=0.00 log10(pixels)=2.00
0.0561799739838871	1	552	log2(tiles)=1.00 log10(pixels)=1.75
0.0888490907372552	1	553	log2(tiles)=0.00 log10(pixels)=1.75
0.00514997831990582	2	554	log2(tiles)=0.00 log10(pixels)=2.50
0.0353298350107671	1	555	log2(tiles)=0.00 log10(pixels)=1.75
0.0850561017201161	1	556	log2(tiles)=2.00 log10(pixels)=2.75
0.100370545117563	1	557	log2(tiles)=1.00 log10(pixels)=2.00
0.0722192947339193	1	558	log2(tiles)=0.00 log10(pixels)=1.25
-0.00181197299379954	1	559	log2(tiles)=0.00 log10(pixels)=1.75
0.0281512503836436	1	560	log2(tiles)=1.00 log10(pixels)=1.75
-0.000263684430938937	1	561	log2(tiles)=0.00 log10(pixels)=2.75
0.120136054973758	1	562	log2(tiles)=1.00 log10(pixels)=2.50
0.0728716022004803	1	563	log2(tiles)=1.00 log10(pixels)=2.50
-0.045880017344075	1	564	log2(tiles)=2.00 log10(pixels)=2.25
0.00587485567249146	1	565	log2(tiles)=0.00 log10(pixels)=1.75
0.0606978403536118	2	566	log2(tiles)=0.00 log10(pixels)=2.00
0.0185139398778875	2	567	log2(tiles)=0.00 log10(pixels)=1.50
-0.0176062401770314	1	568	log2(tiles)=1.00 log10(pixels)=1.75
0.012837224705172	1	569	log2(tiles)=1.00 log10(pixels)=2.00
-0.0653085691824011	1	570	log2(tiles)=1.00 log10(pixels)=2.25
-0.0797382846050425	3	571	log2(tiles)=1.00 log10(pixels)=2.25
-0.0195510786217259	3	572	log2(tiles)=0.00 log10(pixels)=2.25
-0.0458494831602008	1	573	log2(tiles)=0.00 log10(pixels)=2.75
0.0910646070264991	3	574	log2(tiles)=0.00 log10(pixels)=1.50
0.0264618041732443	1	575	log2(tiles)=1.00 log10(pixels)=2.25
-0.119666231504994	2	576	log2(tiles)=1.00 log10(pixels)=2.25
-0.0598039199714864	1	577	log2(tiles)=0.00 log10(pixels)=1.75
-0.0779021420642825	2	578	log2(tiles)=1.00 log10(pixels)=1.75
-0.116531544420413	2	579	log2(tiles)=0.00 log10(pixels)=1.75
0.0211892990699383	1	580	log2(tiles)=0.00 log10(pixels)=2.00
0.0287536009528289	1	581	log2(tiles)=0.00 log10(pixels)=1.25
-0.0257241303992108	4	582	log2(tiles)=0.00 log10(pixels)=1.75
-0.123659632624958	1	583	log2(tiles)=1.50 log10(pixels)=2.75
0.0950980400142569	2	584	log2(tiles)=0.00 log10(pixels)=1.75
0.0561799739838871	4	585	log2(tiles)=0.00 log10(pixels)=1.75
0.068201724066995	3	586	log2(tiles)=0.00 log10(pixels)=1.50
0.0695439355418688	1	587	log2(tiles)=0.00 log10(pixels)=1.75
-0.00963731050575611	1	588	log2(tiles)=0.00 log10(pixels)=1.75
0.0569048513364727	4	589	log2(tiles)=0.00 log10(pixels)=2.00
0.113322860120456	3	590	log2(tiles)=1.00 log10(pixels)=1.75
-0.0181813928293364	1	591	log2(tiles)=1.50 log10(pixels)=3.00
-0.0228787452803376	1	592	log2(tiles)=0.00 log10(pixels)=0.50
0.0374604745184151	1	593	log2(tiles)=1.00 log10(pixels)=2.75
-0.0176062401770314	5	594	log2(tiles)=0.00 log10(pixels)=1.75
0.0287536009528289	2	595	log2(tiles)=0.00 log10(pixels)=1.25
-0.0598039199714864	3	596	log2(tiles)=1.00 log10(pixels)=1.75
0.0185139398778875	3	597	log2(tiles)=0.00 log10(pixels)=1.50
-0.113279432843593	2	598	log2(tiles)=0.00 log10(pixels)=2.25
0.0924226808222062	1	599	log2(tiles)=0.00 log10(pixels)=2.25
-0.0757207139381184	4	600	log2(tiles)=0.00 log10(pixels)=2.00
0.0561799739838871	5	601	log2(tiles)=0.00 log10(pixels)=1.75
0.0492180226701815	1	602	log2(tiles)=0.00 log10(pixels)=2.00
-0.029891911959945	2	603	log2(tiles)=0.00 log10(pixels)=2.25
0.0374264979406238	1	604	log2(tiles)=0.00 log10(pixels)=2.00
-0.00877392430750512	1	605	log2(tiles)=0.00 log10(pixels)=2.00
0.0969100130080562	3	606	log2(tiles)=0.00 log10(pixels)=2.00
0.0185139398778875	1	607	log2(tiles)=1.00 log10(pixels)=1.50
-0.088187314462739	2	608	log2(tiles)=1.00 log10(pixels)=2.75
-0.123423042943488	1	609	log2(tiles)=0.00 log10(pixels)=2.50
0.0924226808222062	1	610	log2(tiles)=0.00 log10(pixels)=1.25
-0.00877392430750512	2	611	log2(tiles)=0.00 log10(pixels)=2.00
-0.0221132953863266	1	612	log2(tiles)=0.00 log10(pixels)=2.25
-0.0733063903751337	1	613	log2(tiles)=0.00 log10(pixels)=2.75
0.000420002308894052	2	614	log2(tiles)=1.00 log10(pixels)=2.25
0.058210972924222	1	615	log2(tiles)=1.50 log10(pixels)=2.75
-0.113279432843593	3	616	log2(tiles)=0.00 log10(pixels)=2.25
0.0244856676991669	1	617	log2(tiles)=1.50 log10(pixels)=3.00
-0.0555173278498313	1	618	log2(tiles)=1.00 log10(pixels)=2.00
0.0253058652647704	1	619	log2(tiles)=0.00 log10(pixels)=2.00
0.0287536009528289	1	620	log2(tiles)=0.00 log10(pixels)=2.25
-0.0424298239020637	1	621	log2(tiles)=1.00 log10(pixels)=2.75
0.0185139398778875	2	622	log2(tiles)=1.00 log10(pixels)=1.50
-0.0376020021010439	2	623	log2(tiles)=0.00 log10(pixels)=1.50
0.0606978403536118	1	624	log2(tiles)=1.00 log10(pixels)=2.00
-0.0969100130080565	1	625	log2(tiles)=0.00 log10(pixels)=1.00
-0.0378123955960423	1	626	log2(tiles)=1.00 log10(pixels)=2.25
-0.040607512240769	1	627	log2(tiles)=0.00 log10(pixels)=2.50
-0.103871964321762	1	628	log2(tiles)=0.00 log10(pixels)=1.25
-0.102372908709559	1	629	log2(tiles)=1.00 log10(pixels)=2.00
0.119093330626743	2	630	log2(tiles)=1.00 log10(pixels)=2.50
0.0472675408307164	2	631	log2(tiles)=1.50 log10(pixels)=2.75
-0.0967874862246563	1	632	log2(tiles)=1.00 log10(pixels)=1.75
-0.0510299956639813	2	633	log2(tiles)=0.00 log10(pixels)=1.75
0.0413926851582249	1	634	log2(tiles)=0.00 log10(pixels)=1.00
-0.116461091629783	2	635	log2(tiles)=0.00 log10(pixels)=2.25
0.0827853703164498	2	636	log2(tiles)=1.00 log10(pixels)=2.00
-0.0779021420642825	1	637	log2(tiles)=0.00 log10(pixels)=1.75
-0.10790539730952	3	638	log2(tiles)=0.00 log10(pixels)=2.00
-0.0510299956639812	1	639	log2(tiles)=0.00 log10(pixels)=0.75
0.0950980400142568	2	640	log2(tiles)=0.00 log10(pixels)=0.75
-0.113279432843593	1	641	log2(tiles)=1.50 log10(pixels)=2.25
-0.0424298239020637	1	642	log2(tiles)=0.00 log10(pixels)=1.75
0.1154879848909	1	643	log2(tiles)=2.00 log10(pixels)=2.25
0.0510299956639813	1	644	log2(tiles)=1.00 log10(pixels)=1.25
0.0510299956639813	1	645	log2(tiles)=0.00 log10(pixels)=1.25
0.0287536009528289	3	646	log2(tiles)=0.00 log10(pixels)=1.25
0.0797835966168101	2	647	log2(tiles)=1.00 log10(pixels)=1.50
-0.0268721464003014	3	648	log2(tiles)=1.00 log10(pixels)=2.00
0.0617538610557542	1	649	log2(tiles)=0.00 log10(pixels)=2.25
0.123249290397901	2	650	log2(tiles)=0.00 log10(pixels)=1.50
-0.0339966563652008	2	651	log2(tiles)=0.00 log10(pixels)=1.75
0.121176281775035	4	652	log2(tiles)=1.00 log10(pixels)=2.50
0.0587085705331658	1	653	log2(tiles)=0.00 log10(pixels)=2.50
0.123249290397901	3	654	log2(tiles)=0.00 log10(pixels)=1.50
0.119231719730976	1	655	log2(tiles)=1.00 log10(pixels)=1.75
0.0281512503836436	1	656	log2(tiles)=0.00 log10(pixels)=0.75
-0.0506099933550872	3	657	log2(tiles)=0.00 log10(pixels)=2.00
-0.0783960731301687	1	658	log2(tiles)=1.50 log10(pixels)=2.50
0.0510299956639813	2	659	log2(tiles)=0.00 log10(pixels)=1.25
0.0825089127062364	2	660	log2(tiles)=0.00 log10(pixels)=1.75
-0.0739087409443187	1	661	log2(tiles)=0.00 log10(pixels)=1.25
-0.1249387366083	4	662	log2(tiles)=0.00 log10(pixels)=2.00
-0.106985199745905	2	663	log2(tiles)=1.00 log10(pixels)=2.25
0.0314789170422551	1	664	log2(tiles)=1.00 log10(pixels)=1.50
0.0440680443502757	3	665	log2(tiles)=0.00 log10(pixels)=1.50
0.0287536009528289	4	666	log2(tiles)=0.00 log10(pixels)=1.25
0.0740312677277188	1	667	log2(tiles)=0.00 log10(pixels)=2.50
0.00987563371216016	1	668	log2(tiles)=2.00 log10(pixels)=3.00
-0.0779021420642825	2	669	log2(tiles)=0.00 log10(pixels)=1.75
-0.0513429130455774	1	670	log2(tiles)=1.50 log10(pixels)=2.25
-0.0424298239020637	2	671	log2(tiles)=0.00 log10(pixels)=1.75
0.107209969647868	2	672	log2(tiles)=1.00 log10(pixels)=2.00
-0.0555173278498313	1	673	log2(tiles)=1.50 log10(pixels)=2.00
-0.0686362358410126	2	674	log2(tiles)=0.00 log10(pixels)=1.50
0.119231719730976	2	675	log2(tiles)=0.00 log10(pixels)=1.75
0.0287536009528289	5	676	log2(tiles)=0.00 log10(pixels)=1.25
0.0287536009528289	6	677	log2(tiles)=0.00 log10(pixels)=1.25
0.0629133566428555	2	678	log2(tiles)=0.00 log10(pixels)=1.75
-0.0654310959658013	1	679	log2(tiles)=1.00 log10(pixels)=2.50
-0.0604807473813815	2	680	log2(tiles)=0.00 log10(pixels)=2.00
-0.0457574905606751	1	681	log2(tiles)=0.00 log10(pixels)=1.00
0.0561799739838871	2	682	log2(tiles)=1.00 log10(pixels)=1.75
0.0629133566428555	3	683	log2(tiles)=0.00 log10(pixels)=1.75
0.0963529744506388	1	684	log2(tiles)=0.00 log10(pixels)=2.25
-0.0655015487564323	1	685	log2(tiles)=1.00 log10(pixels)=2.00
-0.0686362358410126	1	686	log2(tiles)=1.00 log10(pixels)=1.50
-0.0409586076789064	2	687	log2(tiles)=0.00 log10(pixels)=2.00
0.075546961392531	2	688	log2(tiles)=1.00 log10(pixels)=2.00
0.0466651902615309	1	689	log2(tiles)=0.00 log10(pixels)=2.25
-0.0686362358410126	3	690	log2(tiles)=0.00 log10(pixels)=1.50
-0.0457574905606752	1	691	log2(tiles)=0.00 log10(pixels)=2.00
-0.0861861476162833	1	692	log2(tiles)=0.00 log10(pixels)=2.00
0.0797835966168101	3	693	log2(tiles)=0.00 log10(pixels)=1.50
-0.106547323513813	4	694	log2(tiles)=0.00 log10(pixels)=1.75
0.0924226808222062	2	695	log2(tiles)=0.00 log10(pixels)=1.25
-0.00696195131370558	2	696	log2(tiles)=0.00 log10(pixels)=2.25
0.0563025007672873	2	697	log2(tiles)=0.00 log10(pixels)=1.50
0.0844537511509307	1	698	log2(tiles)=1.50 log10(pixels)=2.25
0.0444662261615929	1	699	log2(tiles)=1.50 log10(pixels)=2.25
0.101258348719075	3	700	log2(tiles)=1.00 log10(pixels)=1.75
-0.0195510786217261	1	701	log2(tiles)=0.00 log10(pixels)=1.25
-0.00863830616572736	4	702	log2(tiles)=0.00 log10(pixels)=1.50
-0.0967874862246563	4	703	log2(tiles)=0.00 log10(pixels)=1.75
0.101258348719075	4	704	log2(tiles)=1.00 log10(pixels)=1.75
-0.0510299956639813	3	705	log2(tiles)=0.00 log10(pixels)=1.75
-0.0809219076239261	2	706	log2(tiles)=0.00 log10(pixels)=2.00
0.0374264979406238	1	707	log2(tiles)=1.00 log10(pixels)=2.00
-0.103871964321762	2	708	log2(tiles)=0.00 log10(pixels)=1.25
0.0440680443502757	1	709	log2(tiles)=1.00 log10(pixels)=1.50
0.0208520116421442	1	710	log2(tiles)=0.00 log10(pixels)=1.75
-0.0916375079047502	1	711	log2(tiles)=2.00 log10(pixels)=2.25
0	2	712	log2(tiles)=0.00 log10(pixels)=2.00
-0.119186407719209	2	713	log2(tiles)=1.00 log10(pixels)=2.00
0.0466651902615309	2	714	log2(tiles)=0.00 log10(pixels)=2.25
0.0644579892269186	2	715	log2(tiles)=0.00 log10(pixels)=2.00
-0.0861861476162833	2	716	log2(tiles)=1.00 log10(pixels)=2.00
-0.0222763947111522	1	717	log2(tiles)=1.00 log10(pixels)=2.00
0.00527250510330601	1	718	log2(tiles)=1.00 log10(pixels)=2.25
0.00891189239797363	1	719	log2(tiles)=0.00 log10(pixels)=2.75
-0.00963731050575611	1	720	log2(tiles)=1.00 log10(pixels)=1.75
0.0824384599156054	2	721	log2(tiles)=0.00 log10(pixels)=2.25
0.0888490907372552	2	722	log2(tiles)=0.00 log10(pixels)=1.75
0.0510299956639813	3	723	log2(tiles)=0.00 log10(pixels)=1.25
0	1	724	log2(tiles)=2.00 log10(pixels)=2.00
0.0435835134961167	1	725	log2(tiles)=1.50 log10(pixels)=3.25
0.119231719730976	2	726	log2(tiles)=1.00 log10(pixels)=1.75
-0.0287082889410613	1	727	log2(tiles)=0.00 log10(pixels)=2.50
-0.0604807473813815	3	728	log2(tiles)=0.00 log10(pixels)=2.00
-0.0739087409443187	1	729	log2(tiles)=1.00 log10(pixels)=1.25
0.0287536009528289	7	730	log2(tiles)=0.00 log10(pixels)=1.25
-0.0861861476162833	3	731	log2(tiles)=1.00 log10(pixels)=2.00
-0.123423042943488	1	732	log2(tiles)=1.50 log10(pixels)=2.50
0.0413926851582249	1	733	log2(tiles)=0.00 log10(pixels)=2.00
-0.0598039199714864	2	734	log2(tiles)=0.00 log10(pixels)=1.75
-0.0686362358410126	4	735	log2(tiles)=0.00 log10(pixels)=1.50
-0.1249387366083	5	736	log2(tiles)=0.00 log10(pixels)=2.00
0.0444662261615929	1	737	log2(tiles)=0.00 log10(pixels)=2.25
0.0760748027008265	1	738	log2(tiles)=0.00 log10(pixels)=1.75
0.00860017176191752	1	739	log2(tiles)=1.00 log10(pixels)=2.00
0.0825089127062364	3	740	log2(tiles)=0.00 log10(pixels)=1.75
-0.0228787452803376	3	741	log2(tiles)=0.00 log10(pixels)=1.50
-0.0376020021010439	1	742	log2(tiles)=1.00 log10(pixels)=1.50
0.0211892990699383	2	743	log2(tiles)=0.00 log10(pixels)=2.00
-0.0779021420642825	3	744	log2(tiles)=1.00 log10(pixels)=1.75
-0.119186407719209	3	745	log2(tiles)=0.00 log10(pixels)=2.00
0.0374264979406238	2	746	log2(tiles)=1.00 log10(pixels)=2.00
0.102059991327963	1	747	log2(tiles)=0.00 log10(pixels)=1.50
-0.0528419686577808	3	748	log2(tiles)=0.00 log10(pixels)=1.50
0.0170333392987803	2	749	log2(tiles)=0.00 log10(pixels)=2.00
-0.119788758288394	2	750	log2(tiles)=0.00 log10(pixels)=1.50
0.107332496431269	1	751	log2(tiles)=1.00 log10(pixels)=1.75
0.0722192947339193	2	752	log2(tiles)=0.00 log10(pixels)=1.25
0.00527250510330601	2	753	log2(tiles)=0.00 log10(pixels)=1.25
0.0493405494535817	2	754	log2(tiles)=0.00 log10(pixels)=1.75
-0.0886319977650252	2	755	log2(tiles)=0.00 log10(pixels)=2.25
-0.0510299956639813	4	756	log2(tiles)=0.00 log10(pixels)=1.75
0.0353298350107671	2	757	log2(tiles)=0.00 log10(pixels)=1.75
-0.0739087409443187	2	758	log2(tiles)=0.00 log10(pixels)=1.25
0.0644579892269186	1	759	log2(tiles)=1.50 log10(pixels)=2.00
-0.0872421683184259	1	760	log2(tiles)=0.00 log10(pixels)=1.75
0.0963529744506388	2	761	log2(tiles)=0.00 log10(pixels)=2.25
-0.0809219076239261	3	762	log2(tiles)=0.00 log10(pixels)=2.00
0.123198075031999	1	763	log2(tiles)=1.50 log10(pixels)=3.00
0.0253058652647704	2	764	log2(tiles)=0.00 log10(pixels)=2.00
0.0681858617461617	3	765	log2(tiles)=1.00 log10(pixels)=2.00
0.0422560713564759	1	766	log2(tiles)=1.00 log10(pixels)=2.25
-0.101639989019068	1	767	log2(tiles)=1.50 log10(pixels)=2.75
0.0606978403536118	3	768	log2(tiles)=0.00 log10(pixels)=2.00
0.0659703454569178	1	769	log2(tiles)=0.00 log10(pixels)=2.25
0.0334237554869499	2	770	log2(tiles)=0.00 log10(pixels)=2.00
0.0563025007672873	3	771	log2(tiles)=0.00 log10(pixels)=1.50
-0.0977116556169437	1	772	log2(tiles)=0.00 log10(pixels)=2.25
-0.0228787452803376	4	773	log2(tiles)=0.00 log10(pixels)=1.50
-0.0528419686577808	4	774	log2(tiles)=0.00 log10(pixels)=1.50
0.0606978403536118	4	775	log2(tiles)=0.00 log10(pixels)=2.00
0.0440680443502757	4	776	log2(tiles)=0.00 log10(pixels)=1.50
0.0440680443502757	5	777	log2(tiles)=0.00 log10(pixels)=1.50
-0.0376020021010439	3	778	log2(tiles)=0.00 log10(pixels)=1.50
-0.0977116556169437	2	779	log2(tiles)=0.00 log10(pixels)=2.25
0.0760748027008265	2	780	log2(tiles)=1.00 log10(pixels)=1.75
0.0553513694466239	1	781	log2(tiles)=1.00 log10(pixels)=2.25
0.0563025007672873	4	782	log2(tiles)=0.00 log10(pixels)=1.50
0.110589710299249	2	783	log2(tiles)=0.00 log10(pixels)=2.00
0.0185139398778875	4	784	log2(tiles)=0.00 log10(pixels)=1.50
0.0695439355418688	2	785	log2(tiles)=0.00 log10(pixels)=1.75
-0.0257241303992108	2	786	log2(tiles)=1.00 log10(pixels)=1.75
0.0760748027008265	2	787	log2(tiles)=0.00 log10(pixels)=1.75
-0.0967874862246563	5	788	log2(tiles)=0.00 log10(pixels)=1.75
-0.1249387366083	6	789	log2(tiles)=0.00 log10(pixels)=2.00
-0.106547323513813	5	790	log2(tiles)=0.00 log10(pixels)=1.75
-0.080044251510242	1	791	log2(tiles)=2.00 log10(pixels)=2.50
-0.0457574905606751	2	792	log2(tiles)=0.00 log10(pixels)=1.00
0.111727836017593	1	793	log2(tiles)=0.00 log10(pixels)=1.25
0.0722192947339193	1	794	log2(tiles)=1.00 log10(pixels)=1.25
-0.00524305541237169	1	795	log2(tiles)=1.50 log10(pixels)=3.00
-0.0598039199714864	3	796	log2(tiles)=0.00 log10(pixels)=1.75
-0.122895201635192	2	797	log2(tiles)=0.00 log10(pixels)=2.25
0.0287536009528289	8	798	log2(tiles)=0.00 log10(pixels)=1.25
-0.0176062401770314	6	799	log2(tiles)=0.00 log10(pixels)=1.75
0.0293837776852097	1	800	log2(tiles)=1.00 log10(pixels)=2.00
-0.0528419686577808	5	801	log2(tiles)=0.00 log10(pixels)=1.50
-0.0458800173440752	2	802	log2(tiles)=0.00 log10(pixels)=1.25
-0.0339966563652008	1	803	log2(tiles)=1.00 log10(pixels)=1.75
0.0888490907372552	3	804	log2(tiles)=0.00 log10(pixels)=1.75
0.12057393120585	1	805	log2(tiles)=1.00 log10(pixels)=2.00
-0.0967874862246563	6	806	log2(tiles)=0.00 log10(pixels)=1.75
0.0904441148401185	3	807	log2(tiles)=1.00 log10(pixels)=2.25
-0.119788758288394	3	808	log2(tiles)=0.00 log10(pixels)=1.50
0.0899051114393981	1	809	log2(tiles)=1.00 log10(pixels)=2.00
0.0888490907372552	1	810	log2(tiles)=1.00 log10(pixels)=1.75
0.0561799739838871	3	811	log2(tiles)=1.00 log10(pixels)=1.75
-0.0257241303992108	5	812	log2(tiles)=0.00 log10(pixels)=1.75
-0.106547323513813	1	813	log2(tiles)=1.00 log10(pixels)=2.75
0.0440680443502757	2	814	log2(tiles)=1.00 log10(pixels)=1.50
0.0510299956639813	4	815	log2(tiles)=0.00 log10(pixels)=1.25
0.0888490907372552	4	816	log2(tiles)=0.00 log10(pixels)=1.75
0.0791812460476247	1	817	log2(tiles)=0.00 log10(pixels)=2.00
0.0969100130080562	4	818	log2(tiles)=0.00 log10(pixels)=2.00
0.104108439147401	2	819	log2(tiles)=1.00 log10(pixels)=2.25
0.0629133566428555	2	820	log2(tiles)=1.00 log10(pixels)=1.75
0.113322860120456	4	821	log2(tiles)=1.00 log10(pixels)=1.75
-0.0272835288524167	2	822	log2(tiles)=0.00 log10(pixels)=2.25
-0.0457574905606751	3	823	log2(tiles)=0.00 log10(pixels)=1.00
0.0825089127062364	4	824	log2(tiles)=0.00 log10(pixels)=1.75
-0.0195510786217261	2	825	log2(tiles)=0.00 log10(pixels)=1.25
0.107934847000454	1	826	log2(tiles)=1.00 log10(pixels)=2.25
-0.0457574905606752	2	827	log2(tiles)=0.00 log10(pixels)=2.00
-0.0228787452803376	2	828	log2(tiles)=0.00 log10(pixels)=0.50
0.0293837776852097	2	829	log2(tiles)=1.00 log10(pixels)=2.00
-0.0872421683184259	2	830	log2(tiles)=0.00 log10(pixels)=1.75
0.0171717284030137	3	831	log2(tiles)=1.00 log10(pixels)=2.25
-0.107303046740334	1	832	log2(tiles)=0.00 log10(pixels)=2.50
0.05307844348342	4	833	log2(tiles)=0.00 log10(pixels)=2.00
0.109138297294531	1	834	log2(tiles)=1.50 log10(pixels)=2.75
-0.031517051446065	1	835	log2(tiles)=1.50 log10(pixels)=2.00
-0.0246907182741372	1	836	log2(tiles)=0.00 log10(pixels)=2.25
-0.0222763947111522	2	837	log2(tiles)=0.00 log10(pixels)=2.00
-0.00863830616572736	5	838	log2(tiles)=0.00 log10(pixels)=1.50
0.0797835966168101	4	839	log2(tiles)=0.00 log10(pixels)=1.50
-0.0686362358410126	2	840	log2(tiles)=1.00 log10(pixels)=1.50
0.0760748027008265	3	841	log2(tiles)=0.00 log10(pixels)=1.75
0.0561799739838871	6	842	log2(tiles)=0.00 log10(pixels)=1.75
0.119231719730976	3	843	log2(tiles)=0.00 log10(pixels)=1.75
